date,league,home_team,away_team,home_score,away_score,total_goals,btts,over_1_5,over_2_5,over_3_5,home_win,away_win,draw
2024-11-09,Slovenia,Triglav Kranj,NK Rudar Velenje,2,1,3,1,1,1,0,1,0,0
2024-01-18,Slovenia,Triglav Kranj,NK Rudar Velenje,0,0,0,0,0,0,0,0,0,1
2024-11-10,Slovenia,NK Rudar Velenje,Triglav Kranj,3,2,5,1,1,1,1,1,0,0
2024-09-27,Slovenia,NK Rudar Velenje,Triglav Kranj,0,0,0,0,0,0,0,0,0,1
2024-11-20,Slovenia,Triglav Kranj,NK Rudar Velenje,1,1,2,1,1,0,0,0,0,1
2024-07-18,Slovenia,Triglav Kranj,NK Rudar Velenje,1,0,1,0,0,0,0,1,0,0
2024-07-06,Slovenia,Triglav Kranj,NK Rudar Velenje,1,1,2,1,1,0,0,0,0,1
2024-02-21,Slovenia,Triglav Kranj,NK Rudar Velenje,2,1,3,1,1,1,0,1,0,0
2024-11-01,Slovenia,NK Rudar Velenje,Triglav Kranj,0,3,3,0,1,1,0,0,1,0
2024-09-16,Slovenia,NK Rudar Velenje,Triglav Kranj,0,1,1,0,0,0,0,0,1,0
2024-07-23,Slovenia,NK Rudar Velenje,Triglav Kranj,0,1,1,0,0,0,0,0,1,0
2024-06-05,Slovenia,Triglav Kranj,NK Rudar Velenje,1,1,2,1,1,0,0,0,0,1
2024-06-10,Slovenia,Triglav Kranj,NK Rudar Velenje,2,5,7,1,1,1,1,0,1,0
2024-03-03,Slovenia,NK Rudar Velenje,Triglav Kranj,0,0,0,0,0,0,0,0,0,1
2024-05-27,Slovenia,NK Rudar Velenje,Triglav Kranj,1,0,1,0,0,0,0,1,0,0
2024-03-17,Slovenia,NK Rudar Velenje,Triglav Kranj,2,1,3,1,1,1,0,1,0,0
2024-02-02,Slovenia,NK Rudar Velenje,Triglav Kranj,1,2,3,1,1,1,0,0,1,0
2024-06-11,Slovenia,Triglav Kranj,NK Rudar Velenje,0,3,3,0,1,1,0,0,1,0
2024-10-28,Slovenia,Triglav Kranj,NK Rudar Velenje,0,1,1,0,0,0,0,0,1,0
2024-02-20,Slovenia,Triglav Kranj,NK Rudar Velenje,2,0,2,0,1,0,0,1,0,0
2024-04-13,Slovenia,NK Rudar Velenje,Triglav Kranj,1,3,4,1,1,1,1,0,1,0
2024-08-12,Slovenia,NK Rudar Velenje,Triglav Kranj,0,2,2,0,1,0,0,0,1,0
2024-09-06,Slovenia,NK Rudar Velenje,Triglav Kranj,2,1,3,1,1,1,0,1,0,0
2024-04-09,Slovenia,Triglav Kranj,NK Rudar Velenje,0,0,0,0,0,0,0,0,0,1
2024-06-10,Slovenia,NK Rudar Velenje,Triglav Kranj,1,2,3,1,1,1,0,0,1,0
2024-05-13,Slovenia,NK Rudar Velenje,Triglav Kranj,2,0,2,0,1,0,0,1,0,0
2024-01-19,Slovenia,Triglav Kranj,NK Rudar Velenje,1,4,5,1,1,1,1,0,1,0
2024-09-03,Slovenia,Triglav Kranj,NK Rudar Velenje,0,4,4,0,1,1,1,0,1,0
2024-10-25,Slovenia,Triglav Kranj,NK Rudar Velenje,0,0,0,0,0,0,0,0,0,1
2024-02-17,Slovenia,Triglav Kranj,NK Rudar Velenje,3,1,4,1,1,1,1,1,0,0
2024-10-05,Slovenia,Triglav Kranj,NK Rudar Velenje,0,0,0,0,0,0,0,0,0,1
2024-10-25,Slovenia,NK Rudar Velenje,Triglav Kranj,2,2,4,1,1,1,1,0,0,1
2024-07-29,Slovenia,Triglav Kranj,NK Rudar Velenje,2,1,3,1,1,1,0,1,0,0
2024-03-05,Slovenia,NK Rudar Velenje,Triglav Kranj,1,1,2,1,1,0,0,0,0,1
2024-08-28,Slovenia,NK Rudar Velenje,Triglav Kranj,0,0,0,0,0,0,0,0,0,1
2024-06-09,Slovenia,NK Rudar Velenje,Triglav Kranj,1,0,1,0,0,0,0,1,0,0
2024-11-22,Slovenia,Triglav Kranj,NK Rudar Velenje,2,2,4,1,1,1,1,0,0,1
2024-04-17,Slovenia,NK Rudar Velenje,Triglav Kranj,2,1,3,1,1,1,0,1,0,0
2024-12-23,Slovenia,Triglav Kranj,NK Rudar Velenje,0,1,1,0,0,0,0,0,1,0
2024-09-01,Slovenia,Triglav Kranj,NK Rudar Velenje,0,0,0,0,0,0,0,0,0,1
2024-12-10,Slovenia,NK Rudar Velenje,Triglav Kranj,2,1,3,1,1,1,0,1,0,0
2024-12-29,Slovenia,Triglav Kranj,NK Rudar Velenje,1,1,2,1,1,0,0,0,0,1
2024-01-10,Slovenia,Triglav Kranj,NK Rudar Velenje,1,1,2,1,1,0,0,0,0,1
2024-06-28,Slovenia,Triglav Kranj,NK Rudar Velenje,2,2,4,1,1,1,1,0,0,1
2024-08-14,Slovenia,NK Rudar Velenje,Triglav Kranj,1,0,1,0,0,0,0,1,0,0
2024-03-27,Slovenia,Triglav Kranj,NK Rudar Velenje,3,1,4,1,1,1,1,1,0,0
2024-01-08,Slovenia,NK Rudar Velenje,Triglav Kranj,4,0,4,0,1,1,1,1,0,0
2024-07-25,Slovenia,NK Rudar Velenje,Triglav Kranj,2,0,2,0,1,0,0,1,0,0
2024-11-05,Slovenia,Triglav Kranj,NK Rudar Velenje,1,0,1,0,0,0,0,1,0,0
2024-06-04,Slovenia,Triglav Kranj,NK Rudar Velenje,2,0,2,0,1,0,0,1,0,0
2024-11-17,Denmark,FC Roskilde,AB Gladsaxe,1,1,2,1,1,0,0,0,0,1
2024-02-04,Denmark,AB Gladsaxe,FC Roskilde,3,0,3,0,1,1,0,1,0,0
2024-01-30,Denmark,AB Gladsaxe,FC Roskilde,1,0,1,0,0,0,0,1,0,0
2024-03-11,Denmark,FC Roskilde,AB Gladsaxe,3,2,5,1,1,1,1,1,0,0
2024-06-30,Denmark,AB Gladsaxe,FC Roskilde,1,1,2,1,1,0,0,0,0,1
2024-11-13,Denmark,AB Gladsaxe,FC Roskilde,0,1,1,0,0,0,0,0,1,0
2024-09-16,Denmark,FC Roskilde,AB Gladsaxe,4,5,9,1,1,1,1,0,1,0
2024-06-23,Denmark,FC Roskilde,AB Gladsaxe,2,0,2,0,1,0,0,1,0,0
2024-05-09,Denmark,FC Roskilde,AB Gladsaxe,3,0,3,0,1,1,0,1,0,0
2024-10-24,Denmark,FC Roskilde,AB Gladsaxe,2,3,5,1,1,1,1,0,1,0
2024-01-05,Denmark,AB Gladsaxe,FC Roskilde,2,4,6,1,1,1,1,0,1,0
2024-12-26,Denmark,FC Roskilde,AB Gladsaxe,3,2,5,1,1,1,1,1,0,0
2024-11-26,Denmark,AB Gladsaxe,FC Roskilde,1,1,2,1,1,0,0,0,0,1
2024-05-03,Denmark,FC Roskilde,AB Gladsaxe,2,1,3,1,1,1,0,1,0,0
2024-12-19,Denmark,AB Gladsaxe,FC Roskilde,0,1,1,0,0,0,0,0,1,0
2024-10-12,Denmark,AB Gladsaxe,FC Roskilde,0,2,2,0,1,0,0,0,1,0
2024-09-22,Denmark,FC Roskilde,AB Gladsaxe,1,0,1,0,0,0,0,1,0,0
2024-05-29,Denmark,AB Gladsaxe,FC Roskilde,2,3,5,1,1,1,1,0,1,0
2024-08-27,Denmark,AB Gladsaxe,FC Roskilde,1,1,2,1,1,0,0,0,0,1
2024-01-06,Denmark,AB Gladsaxe,FC Roskilde,0,3,3,0,1,1,0,0,1,0
2024-07-26,Denmark,FC Roskilde,AB Gladsaxe,0,0,0,0,0,0,0,0,0,1
2024-05-26,Denmark,FC Roskilde,AB Gladsaxe,1,2,3,1,1,1,0,0,1,0
2024-12-18,Denmark,FC Roskilde,AB Gladsaxe,3,1,4,1,1,1,1,1,0,0
2024-05-23,Denmark,AB Gladsaxe,FC Roskilde,2,0,2,0,1,0,0,1,0,0
2024-08-29,Denmark,AB Gladsaxe,FC Roskilde,0,0,0,0,0,0,0,0,0,1
2024-06-29,Denmark,FC Roskilde,AB Gladsaxe,3,1,4,1,1,1,1,1,0,0
2024-06-29,Denmark,AB Gladsaxe,FC Roskilde,0,1,1,0,0,0,0,0,1,0
2024-04-10,Denmark,AB Gladsaxe,FC Roskilde,2,1,3,1,1,1,0,1,0,0
2024-05-11,Denmark,FC Roskilde,AB Gladsaxe,3,0,3,0,1,1,0,1,0,0
2024-08-16,Denmark,FC Roskilde,AB Gladsaxe,1,3,4,1,1,1,1,0,1,0
2024-12-11,Denmark,FC Roskilde,AB Gladsaxe,2,4,6,1,1,1,1,0,1,0
2024-08-24,Denmark,AB Gladsaxe,FC Roskilde,0,0,0,0,0,0,0,0,0,1
2024-01-10,Denmark,FC Roskilde,AB Gladsaxe,0,0,0,0,0,0,0,0,0,1
2024-05-15,Denmark,FC Roskilde,AB Gladsaxe,1,1,2,1,1,0,0,0,0,1
2024-02-01,Denmark,AB Gladsaxe,FC Roskilde,0,1,1,0,0,0,0,0,1,0
2024-01-02,Denmark,AB Gladsaxe,FC Roskilde,0,3,3,0,1,1,0,0,1,0
2024-04-04,Denmark,FC Roskilde,AB Gladsaxe,1,0,1,0,0,0,0,1,0,0
2024-06-18,Denmark,AB Gladsaxe,FC Roskilde,4,1,5,1,1,1,1,1,0,0
2024-04-22,Denmark,FC Roskilde,AB Gladsaxe,4,0,4,0,1,1,1,1,0,0
2024-12-15,Denmark,AB Gladsaxe,FC Roskilde,3,2,5,1,1,1,1,1,0,0
2024-09-02,Denmark,FC Roskilde,AB Gladsaxe,1,1,2,1,1,0,0,0,0,1
2024-07-09,Denmark,FC Roskilde,AB Gladsaxe,3,0,3,0,1,1,0,1,0,0
2024-06-04,Denmark,AB Gladsaxe,FC Roskilde,1,3,4,1,1,1,1,0,1,0
2024-12-02,Denmark,FC Roskilde,AB Gladsaxe,1,1,2,1,1,0,0,0,0,1
2024-06-15,Denmark,AB Gladsaxe,FC Roskilde,2,0,2,0,1,0,0,1,0,0
2024-03-14,Denmark,AB Gladsaxe,FC Roskilde,2,0,2,0,1,0,0,1,0,0
2024-01-31,Denmark,AB Gladsaxe,FC Roskilde,1,2,3,1,1,1,0,0,1,0
2024-10-08,Denmark,FC Roskilde,AB Gladsaxe,0,2,2,0,1,0,0,0,1,0
2024-05-13,Denmark,FC Roskilde,AB Gladsaxe,4,0,4,0,1,1,1,1,0,0
2024-02-03,Denmark,AB Gladsaxe,FC Roskilde,2,1,3,1,1,1,0,1,0,0
2024-03-06,England_U21,West Bromwich U21,Bournemouth U21,1,1,2,1,1,0,0,0,0,1
2024-10-11,England_U21,Bournemouth U21,West Bromwich U21,0,0,0,0,0,0,0,0,0,1
2024-06-07,England_U21,Bournemouth U21,West Bromwich U21,4,1,5,1,1,1,1,1,0,0
2024-02-23,England_U21,West Bromwich U21,Bournemouth U21,2,1,3,1,1,1,0,1,0,0
2024-02-04,England_U21,Bournemouth U21,West Bromwich U21,3,3,6,1,1,1,1,0,0,1
2024-08-17,England_U21,West Bromwich U21,Bournemouth U21,3,1,4,1,1,1,1,1,0,0
2024-04-14,England_U21,Bournemouth U21,West Bromwich U21,3,1,4,1,1,1,1,1,0,0
2024-08-08,England_U21,Bournemouth U21,West Bromwich U21,0,1,1,0,0,0,0,0,1,0
2024-09-06,England_U21,West Bromwich U21,Bournemouth U21,1,4,5,1,1,1,1,0,1,0
2024-11-12,England_U21,West Bromwich U21,Bournemouth U21,2,5,7,1,1,1,1,0,1,0
2024-11-07,England_U21,West Bromwich U21,Bournemouth U21,2,0,2,0,1,0,0,1,0,0
2024-06-04,England_U21,West Bromwich U21,Bournemouth U21,3,1,4,1,1,1,1,1,0,0
2024-08-19,England_U21,Bournemouth U21,West Bromwich U21,4,1,5,1,1,1,1,1,0,0
2024-11-25,England_U21,West Bromwich U21,Bournemouth U21,6,1,7,1,1,1,1,1,0,0
2024-02-02,England_U21,Bournemouth U21,West Bromwich U21,2,2,4,1,1,1,1,0,0,1
2024-10-26,England_U21,Bournemouth U21,West Bromwich U21,0,3,3,0,1,1,0,0,1,0
2024-02-29,England_U21,Bournemouth U21,West Bromwich U21,4,0,4,0,1,1,1,1,0,0
2024-07-06,England_U21,Bournemouth U21,West Bromwich U21,0,3,3,0,1,1,0,0,1,0
2024-10-14,England_U21,Bournemouth U21,West Bromwich U21,0,0,0,0,0,0,0,0,0,1
2024-01-22,England_U21,Bournemouth U21,West Bromwich U21,2,2,4,1,1,1,1,0,0,1
2024-03-23,England_U21,West Bromwich U21,Bournemouth U21,2,3,5,1,1,1,1,0,1,0
2024-12-23,England_U21,Bournemouth U21,West Bromwich U21,2,2,4,1,1,1,1,0,0,1
2024-08-08,England_U21,West Bromwich U21,Bournemouth U21,2,0,2,0,1,0,0,1,0,0
2024-09-08,England_U21,West Bromwich U21,Bournemouth U21,0,0,0,0,0,0,0,0,0,1
2024-03-13,England_U21,West Bromwich U21,Bournemouth U21,0,0,0,0,0,0,0,0,0,1
2024-09-11,England_U21,West Bromwich U21,Bournemouth U21,1,2,3,1,1,1,0,0,1,0
2024-12-01,England_U21,West Bromwich U21,Bournemouth U21,1,0,1,0,0,0,0,1,0,0
2024-11-18,England_U21,West Bromwich U21,Bournemouth U21,0,0,0,0,0,0,0,0,0,1
2024-06-18,England_U21,Bournemouth U21,West Bromwich U21,1,0,1,0,0,0,0,1,0,0
2024-04-02,England_U21,Bournemouth U21,West Bromwich U21,0,1,1,0,0,0,0,0,1,0
2024-07-22,England_U21,Bournemouth U21,West Bromwich U21,1,1,2,1,1,0,0,0,0,1
2024-01-04,England_U21,West Bromwich U21,Bournemouth U21,2,2,4,1,1,1,1,0,0,1
2024-07-29,England_U21,Bournemouth U21,West Bromwich U21,2,0,2,0,1,0,0,1,0,0
2024-01-16,England_U21,West Bromwich U21,Bournemouth U21,1,2,3,1,1,1,0,0,1,0
2024-02-12,England_U21,Bournemouth U21,West Bromwich U21,2,0,2,0,1,0,0,1,0,0
2024-05-23,England_U21,Bournemouth U21,West Bromwich U21,3,0,3,0,1,1,0,1,0,0
2024-07-15,England_U21,Bournemouth U21,West Bromwich U21,2,1,3,1,1,1,0,1,0,0
2024-08-14,England_U21,West Bromwich U21,Bournemouth U21,0,1,1,0,0,0,0,0,1,0
2024-03-12,England_U21,West Bromwich U21,Bournemouth U21,1,4,5,1,1,1,1,0,1,0
2024-07-26,England_U21,West Bromwich U21,Bournemouth U21,0,2,2,0,1,0,0,0,1,0
2024-01-17,England_U21,West Bromwich U21,Bournemouth U21,1,1,2,1,1,0,0,0,0,1
2024-03-19,England_U21,Bournemouth U21,West Bromwich U21,2,2,4,1,1,1,1,0,0,1
2024-07-12,England_U21,Bournemouth U21,West Bromwich U21,0,0,0,0,0,0,0,0,0,1
2024-04-27,England_U21,West Bromwich U21,Bournemouth U21,1,0,1,0,0,0,0,1,0,0
2024-02-27,England_U21,Bournemouth U21,West Bromwich U21,1,1,2,1,1,0,0,0,0,1
2024-03-21,England_U21,West Bromwich U21,Bournemouth U21,3,4,7,1,1,1,1,0,1,0
2024-11-21,England_U21,Bournemouth U21,West Bromwich U21,0,3,3,0,1,1,0,0,1,0
2024-05-10,England_U21,West Bromwich U21,Bournemouth U21,2,1,3,1,1,1,0,1,0,0
2024-06-07,England_U21,West Bromwich U21,Bournemouth U21,1,0,1,0,0,0,0,1,0,0
2024-08-28,England_U21,West Bromwich U21,Bournemouth U21,1,1,2,1,1,0,0,0,0,1
2024-01-09,Iceland,UMF Selfoss,IF Magni Grenivik,2,1,3,1,1,1,0,1,0,0
2024-12-19,Iceland,Augnablik Kopavogur,UMF Selfoss,0,2,2,0,1,0,0,0,1,0
2024-05-08,Iceland,UMF Selfoss,IF Magni Grenivik,1,2,3,1,1,1,0,0,1,0
2024-07-29,Iceland,IF Magni Grenivik,Augnablik Kopavogur,1,3,4,1,1,1,1,0,1,0
2024-07-05,Iceland,UMF Tindastoll,IF Magni Grenivik,2,0,2,0,1,0,0,1,0,0
2024-05-10,Iceland,IF Magni Grenivik,UMF Tindastoll,3,1,4,1,1,1,1,1,0,0
2024-01-16,Iceland,IF Magni Grenivik,UMF Tindastoll,0,0,0,0,0,0,0,0,0,1
2024-01-22,Iceland,UMF Selfoss,Augnablik Kopavogur,3,2,5,1,1,1,1,1,0,0
2024-06-24,Iceland,UMF Tindastoll,Augnablik Kopavogur,1,1,2,1,1,0,0,0,0,1
2024-12-09,Iceland,Augnablik Kopavogur,UMF Selfoss,2,2,4,1,1,1,1,0,0,1
2024-11-16,Iceland,UMF Selfoss,UMF Tindastoll,2,2,4,1,1,1,1,0,0,1
2024-04-19,Iceland,IF Magni Grenivik,UMF Selfoss,0,2,2,0,1,0,0,0,1,0
2024-08-14,Iceland,Augnablik Kopavogur,UMF Tindastoll,2,1,3,1,1,1,0,1,0,0
2024-03-05,Iceland,IF Magni Grenivik,Augnablik Kopavogur,1,3,4,1,1,1,1,0,1,0
2024-01-06,Iceland,UMF Selfoss,UMF Tindastoll,1,1,2,1,1,0,0,0,0,1
2024-11-19,Iceland,UMF Tindastoll,UMF Selfoss,2,0,2,0,1,0,0,1,0,0
2024-10-11,Iceland,UMF Selfoss,IF Magni Grenivik,4,0,4,0,1,1,1,1,0,0
2024-03-23,Iceland,IF Magni Grenivik,Augnablik Kopavogur,1,2,3,1,1,1,0,0,1,0
2024-06-11,Iceland,Augnablik Kopavogur,UMF Selfoss,2,2,4,1,1,1,1,0,0,1
2024-06-16,Iceland,IF Magni Grenivik,UMF Tindastoll,0,5,5,0,1,1,1,0,1,0
2024-09-24,Iceland,Augnablik Kopavogur,UMF Selfoss,0,2,2,0,1,0,0,0,1,0
2024-01-23,Iceland,UMF Tindastoll,UMF Selfoss,4,2,6,1,1,1,1,1,0,0
2024-04-30,Iceland,IF Magni Grenivik,Augnablik Kopavogur,4,0,4,0,1,1,1,1,0,0
2024-01-29,Iceland,UMF Tindastoll,UMF Selfoss,2,1,3,1,1,1,0,1,0,0
2024-10-29,Iceland,UMF Tindastoll,IF Magni Grenivik,2,1,3,1,1,1,0,1,0,0
2024-10-31,Iceland,IF Magni Grenivik,UMF Tindastoll,1,1,2,1,1,0,0,0,0,1
2024-06-15,Iceland,Augnablik Kopavogur,UMF Tindastoll,0,1,1,0,0,0,0,0,1,0
2024-04-17,Iceland,UMF Tindastoll,Augnablik Kopavogur,2,1,3,1,1,1,0,1,0,0
2024-02-07,Iceland,UMF Selfoss,UMF Tindastoll,1,1,2,1,1,0,0,0,0,1
2024-06-16,Iceland,UMF Tindastoll,UMF Selfoss,1,3,4,1,1,1,1,0,1,0
2024-11-01,Iceland,UMF Tindastoll,IF Magni Grenivik,1,1,2,1,1,0,0,0,0,1
2024-06-20,Iceland,UMF Tindastoll,Augnablik Kopavogur,0,0,0,0,0,0,0,0,0,1
2024-06-25,Iceland,UMF Selfoss,Augnablik Kopavogur,2,2,4,1,1,1,1,0,0,1
2024-12-20,Iceland,UMF Tindastoll,UMF Selfoss,1,1,2,1,1,0,0,0,0,1
2024-08-04,Iceland,UMF Selfoss,IF Magni Grenivik,0,3,3,0,1,1,0,0,1,0
2024-03-13,Iceland,UMF Selfoss,IF Magni Grenivik,2,0,2,0,1,0,0,1,0,0
2024-06-05,Iceland,UMF Tindastoll,IF Magni Grenivik,2,0,2,0,1,0,0,1,0,0
2024-06-23,Iceland,Augnablik Kopavogur,UMF Tindastoll,1,0,1,0,0,0,0,1,0,0
2024-03-11,Iceland,IF Magni Grenivik,UMF Selfoss,0,1,1,0,0,0,0,0,1,0
2024-04-24,Iceland,IF Magni Grenivik,Augnablik Kopavogur,1,0,1,0,0,0,0,1,0,0
2024-03-17,Iceland,IF Magni Grenivik,UMF Tindastoll,1,2,3,1,1,1,0,0,1,0
2024-11-14,Iceland,UMF Tindastoll,UMF Selfoss,1,1,2,1,1,0,0,0,0,1
2024-08-19,Iceland,IF Magni Grenivik,UMF Selfoss,0,0,0,0,0,0,0,0,0,1
2024-08-04,Iceland,UMF Tindastoll,Augnablik Kopavogur,0,0,0,0,0,0,0,0,0,1
2024-01-22,Iceland,UMF Tindastoll,IF Magni Grenivik,0,1,1,0,0,0,0,0,1,0
2024-06-07,Iceland,Augnablik Kopavogur,UMF Tindastoll,3,1,4,1,1,1,1,1,0,0
2024-04-21,Iceland,UMF Selfoss,IF Magni Grenivik,1,1,2,1,1,0,0,0,0,1
2024-04-06,Iceland,UMF Tindastoll,IF Magni Grenivik,1,2,3,1,1,1,0,0,1,0
2024-04-20,Iceland,Augnablik Kopavogur,UMF Tindastoll,4,0,4,0,1,1,1,1,0,0
2024-01-11,Iceland,UMF Tindastoll,Augnablik Kopavogur,1,1,2,1,1,0,0,0,0,1
2024-08-07,Iceland,Augnablik Kopavogur,UMF Selfoss,0,3,3,0,1,1,0,0,1,0
2024-03-21,Iceland,UMF Tindastoll,Augnablik Kopavogur,1,1,2,1,1,0,0,0,0,1
2024-10-04,Iceland,IF Magni Grenivik,Augnablik Kopavogur,1,3,4,1,1,1,1,0,1,0
2024-02-28,Iceland,Augnablik Kopavogur,UMF Tindastoll,0,0,0,0,0,0,0,0,0,1
2024-12-08,Iceland,IF Magni Grenivik,UMF Tindastoll,4,0,4,0,1,1,1,1,0,0
2024-02-22,Iceland,IF Magni Grenivik,UMF Tindastoll,2,1,3,1,1,1,0,1,0,0
2024-07-09,Iceland,UMF Selfoss,IF Magni Grenivik,0,1,1,0,0,0,0,0,1,0
2024-02-14,Iceland,UMF Selfoss,UMF Tindastoll,1,1,2,1,1,0,0,0,0,1
2024-05-31,Iceland,UMF Tindastoll,IF Magni Grenivik,2,1,3,1,1,1,0,1,0,0
2024-04-10,Iceland,UMF Selfoss,IF Magni Grenivik,3,0,3,0,1,1,0,1,0,0
2024-05-22,Iceland,Augnablik Kopavogur,IF Magni Grenivik,1,0,1,0,0,0,0,1,0,0
2024-10-12,Iceland,UMF Selfoss,UMF Tindastoll,2,1,3,1,1,1,0,1,0,0
2024-12-13,Iceland,Augnablik Kopavogur,UMF Tindastoll,0,2,2,0,1,0,0,0,1,0
2024-02-23,Iceland,IF Magni Grenivik,UMF Selfoss,1,3,4,1,1,1,1,0,1,0
2024-05-24,Iceland,UMF Tindastoll,Augnablik Kopavogur,1,0,1,0,0,0,0,1,0,0
2024-06-22,Iceland,UMF Selfoss,IF Magni Grenivik,1,2,3,1,1,1,0,0,1,0
2024-09-20,Iceland,IF Magni Grenivik,UMF Selfoss,4,2,6,1,1,1,1,1,0,0
2024-05-19,Iceland,UMF Selfoss,Augnablik Kopavogur,1,2,3,1,1,1,0,0,1,0
2024-02-17,Iceland,UMF Selfoss,Augnablik Kopavogur,2,2,4,1,1,1,1,0,0,1
2024-05-09,Iceland,IF Magni Grenivik,Augnablik Kopavogur,1,5,6,1,1,1,1,0,1,0
2024-12-29,Iceland,IF Magni Grenivik,UMF Selfoss,1,1,2,1,1,0,0,0,0,1
2024-10-19,Iceland,Augnablik Kopavogur,UMF Tindastoll,0,0,0,0,0,0,0,0,0,1
2024-02-01,Iceland,UMF Tindastoll,Augnablik Kopavogur,2,0,2,0,1,0,0,1,0,0
2024-10-04,Iceland,IF Magni Grenivik,UMF Selfoss,1,1,2,1,1,0,0,0,0,1
2024-06-12,Iceland,UMF Selfoss,Augnablik Kopavogur,3,0,3,0,1,1,0,1,0,0
2024-12-10,Iceland,UMF Tindastoll,Augnablik Kopavogur,1,5,6,1,1,1,1,0,1,0
2024-05-23,Iceland,UMF Selfoss,Augnablik Kopavogur,2,4,6,1,1,1,1,0,1,0
2024-04-11,Iceland,UMF Selfoss,UMF Tindastoll,2,0,2,0,1,0,0,1,0,0
2024-02-08,Iceland,UMF Tindastoll,Augnablik Kopavogur,1,1,2,1,1,0,0,0,0,1
2024-11-15,Iceland,IF Magni Grenivik,Augnablik Kopavogur,0,0,0,0,0,0,0,0,0,1
2024-08-05,Belgium_Youth,Jeugd Patro Eisden,Jeugd Lommel SK,2,1,3,1,1,1,0,1,0,0
2024-04-13,Belgium_Youth,Jeugd Patro Eisden,Jeugd Lommel SK,2,3,5,1,1,1,1,0,1,0
2024-04-24,Belgium_Youth,Jeugd Lommel SK,Jeugd Patro Eisden,1,1,2,1,1,0,0,0,0,1
2024-01-15,Belgium_Youth,Jeugd Lommel SK,Jeugd Patro Eisden,4,0,4,0,1,1,1,1,0,0
2024-09-05,Belgium_Youth,Jeugd Lommel SK,Jeugd Patro Eisden,1,2,3,1,1,1,0,0,1,0
2024-11-24,Belgium_Youth,Jeugd Patro Eisden,Jeugd Lommel SK,4,2,6,1,1,1,1,1,0,0
2024-02-20,Belgium_Youth,Jeugd Lommel SK,Jeugd Patro Eisden,0,1,1,0,0,0,0,0,1,0
2024-06-09,Belgium_Youth,Jeugd Patro Eisden,Jeugd Lommel SK,1,2,3,1,1,1,0,0,1,0
2024-03-05,Belgium_Youth,Jeugd Lommel SK,Jeugd Patro Eisden,2,5,7,1,1,1,1,0,1,0
2024-12-11,Belgium_Youth,Jeugd Lommel SK,Jeugd Patro Eisden,0,1,1,0,0,0,0,0,1,0
2024-07-20,Belgium_Youth,Jeugd Lommel SK,Jeugd Patro Eisden,2,0,2,0,1,0,0,1,0,0
2024-09-01,Belgium_Youth,Jeugd Lommel SK,Jeugd Patro Eisden,1,0,1,0,0,0,0,1,0,0
2024-09-10,Belgium_Youth,Jeugd Lommel SK,Jeugd Patro Eisden,3,2,5,1,1,1,1,1,0,0
2024-07-22,Belgium_Youth,Jeugd Lommel SK,Jeugd Patro Eisden,1,5,6,1,1,1,1,0,1,0
2024-04-30,Belgium_Youth,Jeugd Patro Eisden,Jeugd Lommel SK,4,2,6,1,1,1,1,1,0,0
2024-11-17,Belgium_Youth,Jeugd Lommel SK,Jeugd Patro Eisden,1,2,3,1,1,1,0,0,1,0
2024-02-13,Belgium_Youth,Jeugd Lommel SK,Jeugd Patro Eisden,3,1,4,1,1,1,1,1,0,0
2024-10-15,Belgium_Youth,Jeugd Patro Eisden,Jeugd Lommel SK,2,3,5,1,1,1,1,0,1,0
2024-06-07,Belgium_Youth,Jeugd Patro Eisden,Jeugd Lommel SK,3,2,5,1,1,1,1,1,0,0
2024-08-10,Belgium_Youth,Jeugd Patro Eisden,Jeugd Lommel SK,2,1,3,1,1,1,0,1,0,0
2024-04-04,Belgium_Youth,Jeugd Lommel SK,Jeugd Patro Eisden,0,1,1,0,0,0,0,0,1,0
2024-09-14,Belgium_Youth,Jeugd Lommel SK,Jeugd Patro Eisden,1,4,5,1,1,1,1,0,1,0
2024-09-28,Belgium_Youth,Jeugd Patro Eisden,Jeugd Lommel SK,1,0,1,0,0,0,0,1,0,0
2024-01-22,Belgium_Youth,Jeugd Lommel SK,Jeugd Patro Eisden,1,2,3,1,1,1,0,0,1,0
2024-02-08,Belgium_Youth,Jeugd Lommel SK,Jeugd Patro Eisden,2,1,3,1,1,1,0,1,0,0
2024-10-18,Belgium_Youth,Jeugd Lommel SK,Jeugd Patro Eisden,2,0,2,0,1,0,0,1,0,0
2024-08-02,Belgium_Youth,Jeugd Lommel SK,Jeugd Patro Eisden,2,1,3,1,1,1,0,1,0,0
2024-08-21,Belgium_Youth,Jeugd Lommel SK,Jeugd Patro Eisden,2,2,4,1,1,1,1,0,0,1
2024-03-10,Belgium_Youth,Jeugd Patro Eisden,Jeugd Lommel SK,3,0,3,0,1,1,0,1,0,0
2024-04-23,Belgium_Youth,Jeugd Patro Eisden,Jeugd Lommel SK,0,2,2,0,1,0,0,0,1,0
2024-08-27,Belgium_Youth,Jeugd Patro Eisden,Jeugd Lommel SK,2,5,7,1,1,1,1,0,1,0
2024-04-17,Belgium_Youth,Jeugd Patro Eisden,Jeugd Lommel SK,0,0,0,0,0,0,0,0,0,1
2024-12-23,Belgium_Youth,Jeugd Lommel SK,Jeugd Patro Eisden,4,0,4,0,1,1,1,1,0,0
2024-11-10,Belgium_Youth,Jeugd Lommel SK,Jeugd Patro Eisden,2,1,3,1,1,1,0,1,0,0
2024-06-17,Belgium_Youth,Jeugd Lommel SK,Jeugd Patro Eisden,1,2,3,1,1,1,0,0,1,0
2024-12-04,Belgium_Youth,Jeugd Lommel SK,Jeugd Patro Eisden,0,0,0,0,0,0,0,0,0,1
2024-07-13,Belgium_Youth,Jeugd Patro Eisden,Jeugd Lommel SK,2,1,3,1,1,1,0,1,0,0
2024-05-18,Belgium_Youth,Jeugd Patro Eisden,Jeugd Lommel SK,2,1,3,1,1,1,0,1,0,0
2024-06-12,Belgium_Youth,Jeugd Patro Eisden,Jeugd Lommel SK,2,2,4,1,1,1,1,0,0,1
2024-02-04,Belgium_Youth,Jeugd Lommel SK,Jeugd Patro Eisden,1,1,2,1,1,0,0,0,0,1
2024-03-09,Belgium_Youth,Jeugd Patro Eisden,Jeugd Lommel SK,0,1,1,0,0,0,0,0,1,0
2024-01-17,Belgium_Youth,Jeugd Lommel SK,Jeugd Patro Eisden,0,1,1,0,0,0,0,0,1,0
2024-09-10,Belgium_Youth,Jeugd Lommel SK,Jeugd Patro Eisden,3,0,3,0,1,1,0,1,0,0
2024-05-06,Belgium_Youth,Jeugd Lommel SK,Jeugd Patro Eisden,0,2,2,0,1,0,0,0,1,0
2024-08-18,Belgium_Youth,Jeugd Patro Eisden,Jeugd Lommel SK,1,4,5,1,1,1,1,0,1,0
2024-06-05,Belgium_Youth,Jeugd Lommel SK,Jeugd Patro Eisden,2,3,5,1,1,1,1,0,1,0
2024-05-15,Belgium_Youth,Jeugd Lommel SK,Jeugd Patro Eisden,3,0,3,0,1,1,0,1,0,0
2024-07-10,Belgium_Youth,Jeugd Patro Eisden,Jeugd Lommel SK,1,1,2,1,1,0,0,0,0,1
2024-04-30,Belgium_Youth,Jeugd Patro Eisden,Jeugd Lommel SK,2,3,5,1,1,1,1,0,1,0
2024-08-13,Belgium_Youth,Jeugd Patro Eisden,Jeugd Lommel SK,1,3,4,1,1,1,1,0,1,0
2024-09-11,Austria,SV Schwechat,SC Red Star Penzing,1,0,1,0,0,0,0,1,0,0
2024-06-10,Austria,SV Schwechat,SC Red Star Penzing,1,3,4,1,1,1,1,0,1,0
2024-04-02,Austria,SV Schwechat,SC Red Star Penzing,1,1,2,1,1,0,0,0,0,1
2024-04-19,Austria,SV Schwechat,SC Red Star Penzing,2,3,5,1,1,1,1,0,1,0
2024-03-09,Austria,SV Schwechat,SC Red Star Penzing,1,2,3,1,1,1,0,0,1,0
2024-12-25,Austria,SC Red Star Penzing,SV Schwechat,3,2,5,1,1,1,1,1,0,0
2024-02-28,Austria,SV Schwechat,SC Red Star Penzing,2,2,4,1,1,1,1,0,0,1
2024-07-23,Austria,SV Schwechat,SC Red Star Penzing,2,1,3,1,1,1,0,1,0,0
2024-07-26,Austria,SC Red Star Penzing,SV Schwechat,0,2,2,0,1,0,0,0,1,0
2024-10-04,Austria,SV Schwechat,SC Red Star Penzing,1,1,2,1,1,0,0,0,0,1
2024-01-21,Austria,SV Schwechat,SC Red Star Penzing,2,0,2,0,1,0,0,1,0,0
2024-12-30,Austria,SV Schwechat,SC Red Star Penzing,0,1,1,0,0,0,0,0,1,0
2024-05-28,Austria,SC Red Star Penzing,SV Schwechat,2,2,4,1,1,1,1,0,0,1
2024-05-31,Austria,SV Schwechat,SC Red Star Penzing,0,0,0,0,0,0,0,0,0,1
2024-02-17,Austria,SC Red Star Penzing,SV Schwechat,3,3,6,1,1,1,1,0,0,1
2024-01-22,Austria,SV Schwechat,SC Red Star Penzing,0,0,0,0,0,0,0,0,0,1
2024-01-31,Austria,SC Red Star Penzing,SV Schwechat,0,2,2,0,1,0,0,0,1,0
2024-05-25,Austria,SV Schwechat,SC Red Star Penzing,0,2,2,0,1,0,0,0,1,0
2024-05-01,Austria,SC Red Star Penzing,SV Schwechat,1,0,1,0,0,0,0,1,0,0
2024-11-23,Austria,SV Schwechat,SC Red Star Penzing,2,3,5,1,1,1,1,0,1,0
2024-10-20,Austria,SV Schwechat,SC Red Star Penzing,2,0,2,0,1,0,0,1,0,0
2024-02-27,Austria,SC Red Star Penzing,SV Schwechat,0,1,1,0,0,0,0,0,1,0
2024-02-09,Austria,SV Schwechat,SC Red Star Penzing,0,2,2,0,1,0,0,0,1,0
2024-08-03,Austria,SC Red Star Penzing,SV Schwechat,3,4,7,1,1,1,1,0,1,0
2024-04-06,Austria,SV Schwechat,SC Red Star Penzing,3,3,6,1,1,1,1,0,0,1
2024-09-28,Austria,SC Red Star Penzing,SV Schwechat,2,0,2,0,1,0,0,1,0,0
2024-01-28,Austria,SV Schwechat,SC Red Star Penzing,2,3,5,1,1,1,1,0,1,0
2024-12-13,Austria,SC Red Star Penzing,SV Schwechat,3,1,4,1,1,1,1,1,0,0
2024-10-28,Austria,SV Schwechat,SC Red Star Penzing,3,1,4,1,1,1,1,1,0,0
2024-08-12,Austria,SV Schwechat,SC Red Star Penzing,1,1,2,1,1,0,0,0,0,1
2024-07-03,Austria,SV Schwechat,SC Red Star Penzing,2,1,3,1,1,1,0,1,0,0
2024-07-01,Austria,SC Red Star Penzing,SV Schwechat,1,0,1,0,0,0,0,1,0,0
2024-02-04,Austria,SC Red Star Penzing,SV Schwechat,3,2,5,1,1,1,1,1,0,0
2024-09-15,Austria,SC Red Star Penzing,SV Schwechat,1,1,2,1,1,0,0,0,0,1
2024-02-24,Austria,SC Red Star Penzing,SV Schwechat,2,3,5,1,1,1,1,0,1,0
2024-06-15,Austria,SC Red Star Penzing,SV Schwechat,1,0,1,0,0,0,0,1,0,0
2024-08-18,Austria,SC Red Star Penzing,SV Schwechat,0,2,2,0,1,0,0,0,1,0
2024-07-20,Austria,SC Red Star Penzing,SV Schwechat,1,2,3,1,1,1,0,0,1,0
2024-11-30,Austria,SV Schwechat,SC Red Star Penzing,1,0,1,0,0,0,0,1,0,0
2024-03-06,Austria,SV Schwechat,SC Red Star Penzing,2,1,3,1,1,1,0,1,0,0
2024-07-16,Austria,SC Red Star Penzing,SV Schwechat,1,1,2,1,1,0,0,0,0,1
2024-11-08,Austria,SC Red Star Penzing,SV Schwechat,0,1,1,0,0,0,0,0,1,0
2024-10-20,Austria,SV Schwechat,SC Red Star Penzing,2,1,3,1,1,1,0,1,0,0
2024-06-08,Austria,SC Red Star Penzing,SV Schwechat,3,0,3,0,1,1,0,1,0,0
2024-03-27,Austria,SC Red Star Penzing,SV Schwechat,5,0,5,0,1,1,1,1,0,0
2024-02-20,Austria,SV Schwechat,SC Red Star Penzing,2,2,4,1,1,1,1,0,0,1
2024-09-28,Austria,SC Red Star Penzing,SV Schwechat,1,2,3,1,1,1,0,0,1,0
2024-10-28,Austria,SC Red Star Penzing,SV Schwechat,0,1,1,0,0,0,0,0,1,0
2024-06-24,Austria,SC Red Star Penzing,SV Schwechat,1,2,3,1,1,1,0,0,1,0
2024-07-14,Austria,SV Schwechat,SC Red Star Penzing,0,0,0,0,0,0,0,0,0,1
2024-04-17,Wales,Caernarfon Town,The New Saints,2,0,2,0,1,0,0,1,0,0
2024-05-10,Wales,Pontypridd Town,Trefelin BGC,1,2,3,1,1,1,0,0,1,0
2024-02-23,Wales,Trefelin BGC,Caernarfon Town,2,3,5,1,1,1,1,0,1,0
2024-12-15,Wales,Trefelin BGC,The New Saints,0,2,2,0,1,0,0,0,1,0
2024-08-16,Wales,Caernarfon Town,Pontypridd Town,0,0,0,0,0,0,0,0,0,1
2024-09-04,Wales,The New Saints,Caernarfon Town,1,0,1,0,0,0,0,1,0,0
2024-12-20,Wales,Pontypridd Town,Trefelin BGC,0,1,1,0,0,0,0,0,1,0
2024-04-28,Wales,The New Saints,Pontypridd Town,1,1,2,1,1,0,0,0,0,1
2024-07-25,Wales,Caernarfon Town,The New Saints,3,0,3,0,1,1,0,1,0,0
2024-07-07,Wales,Pontypridd Town,The New Saints,1,3,4,1,1,1,1,0,1,0
2024-11-03,Wales,Trefelin BGC,The New Saints,1,2,3,1,1,1,0,0,1,0
2024-06-07,Wales,Caernarfon Town,Pontypridd Town,1,1,2,1,1,0,0,0,0,1
2024-07-28,Wales,Caernarfon Town,Pontypridd Town,2,3,5,1,1,1,1,0,1,0
2024-10-10,Wales,The New Saints,Pontypridd Town,1,4,5,1,1,1,1,0,1,0
2024-05-31,Wales,Caernarfon Town,Trefelin BGC,1,1,2,1,1,0,0,0,0,1
2024-05-02,Wales,Trefelin BGC,Pontypridd Town,3,0,3,0,1,1,0,1,0,0
2024-06-11,Wales,Trefelin BGC,The New Saints,1,0,1,0,0,0,0,1,0,0
2024-08-08,Wales,Trefelin BGC,Caernarfon Town,2,1,3,1,1,1,0,1,0,0
2024-06-19,Wales,The New Saints,Caernarfon Town,3,2,5,1,1,1,1,1,0,0
2024-11-19,Wales,The New Saints,Trefelin BGC,1,1,2,1,1,0,0,0,0,1
2024-10-18,Wales,Caernarfon Town,Pontypridd Town,4,0,4,0,1,1,1,1,0,0
2024-07-30,Wales,Pontypridd Town,Trefelin BGC,1,1,2,1,1,0,0,0,0,1
2024-07-23,Wales,Caernarfon Town,Pontypridd Town,3,3,6,1,1,1,1,0,0,1
2024-12-01,Wales,Pontypridd Town,The New Saints,1,1,2,1,1,0,0,0,0,1
2024-01-11,Wales,Pontypridd Town,Caernarfon Town,0,1,1,0,0,0,0,0,1,0
2024-07-17,Wales,Caernarfon Town,Pontypridd Town,0,0,0,0,0,0,0,0,0,1
2024-12-03,Wales,Pontypridd Town,The New Saints,3,0,3,0,1,1,0,1,0,0
2024-10-09,Wales,Pontypridd Town,Caernarfon Town,1,0,1,0,0,0,0,1,0,0
2024-09-19,Wales,The New Saints,Trefelin BGC,1,2,3,1,1,1,0,0,1,0
2024-03-07,Wales,Trefelin BGC,Pontypridd Town,0,2,2,0,1,0,0,0,1,0
2024-04-05,Wales,The New Saints,Caernarfon Town,1,2,3,1,1,1,0,0,1,0
2024-01-15,Wales,Caernarfon Town,Pontypridd Town,0,0,0,0,0,0,0,0,0,1
2024-06-26,Wales,Pontypridd Town,Trefelin BGC,1,1,2,1,1,0,0,0,0,1
2024-12-17,Wales,The New Saints,Trefelin BGC,4,2,6,1,1,1,1,1,0,0
2024-05-24,Wales,Pontypridd Town,Trefelin BGC,0,2,2,0,1,0,0,0,1,0
2024-08-25,Wales,Trefelin BGC,Pontypridd Town,1,3,4,1,1,1,1,0,1,0
2024-12-12,Wales,Pontypridd Town,Trefelin BGC,1,0,1,0,0,0,0,1,0,0
2024-09-30,Wales,Pontypridd Town,Caernarfon Town,1,0,1,0,0,0,0,1,0,0
2024-05-30,Wales,Pontypridd Town,Caernarfon Town,1,0,1,0,0,0,0,1,0,0
2024-09-15,Wales,Trefelin BGC,Caernarfon Town,0,4,4,0,1,1,1,0,1,0
2024-12-28,Wales,Caernarfon Town,Pontypridd Town,1,1,2,1,1,0,0,0,0,1
2024-06-16,Wales,Trefelin BGC,The New Saints,1,1,2,1,1,0,0,0,0,1
2024-04-08,Wales,Pontypridd Town,The New Saints,1,1,2,1,1,0,0,0,0,1
2024-06-02,Wales,The New Saints,Trefelin BGC,4,1,5,1,1,1,1,1,0,0
2024-11-02,Wales,Caernarfon Town,Pontypridd Town,1,0,1,0,0,0,0,1,0,0
2024-10-10,Wales,The New Saints,Trefelin BGC,3,3,6,1,1,1,1,0,0,1
2024-11-28,Wales,Trefelin BGC,Pontypridd Town,1,2,3,1,1,1,0,0,1,0
2024-08-12,Wales,Caernarfon Town,Trefelin BGC,0,0,0,0,0,0,0,0,0,1
2024-06-08,Wales,Caernarfon Town,Trefelin BGC,1,0,1,0,0,0,0,1,0,0
2024-10-13,Wales,Caernarfon Town,Trefelin BGC,0,2,2,0,1,0,0,0,1,0
2024-03-21,Wales,Caernarfon Town,Pontypridd Town,1,2,3,1,1,1,0,0,1,0
2024-12-01,Wales,The New Saints,Trefelin BGC,0,0,0,0,0,0,0,0,0,1
2024-02-09,Wales,Caernarfon Town,Trefelin BGC,2,0,2,0,1,0,0,1,0,0
2024-09-13,Wales,The New Saints,Trefelin BGC,0,1,1,0,0,0,0,0,1,0
2024-05-13,Wales,The New Saints,Trefelin BGC,2,0,2,0,1,0,0,1,0,0
2024-10-25,Wales,Trefelin BGC,The New Saints,0,2,2,0,1,0,0,0,1,0
2024-05-29,Wales,Trefelin BGC,Pontypridd Town,1,2,3,1,1,1,0,0,1,0
2024-12-21,Wales,Trefelin BGC,Caernarfon Town,4,1,5,1,1,1,1,1,0,0
2024-10-15,Wales,Pontypridd Town,The New Saints,2,1,3,1,1,1,0,1,0,0
2024-01-26,Wales,Trefelin BGC,Caernarfon Town,3,0,3,0,1,1,0,1,0,0
2024-02-09,Wales,The New Saints,Pontypridd Town,0,2,2,0,1,0,0,0,1,0
2024-12-01,Wales,Pontypridd Town,The New Saints,4,2,6,1,1,1,1,1,0,0
2024-08-29,Wales,Pontypridd Town,Caernarfon Town,3,3,6,1,1,1,1,0,0,1
2024-02-09,Wales,Caernarfon Town,Trefelin BGC,0,0,0,0,0,0,0,0,0,1
2024-12-16,Wales,Caernarfon Town,Pontypridd Town,2,2,4,1,1,1,1,0,0,1
2024-09-14,Wales,The New Saints,Caernarfon Town,2,0,2,0,1,0,0,1,0,0
2024-05-08,Wales,Caernarfon Town,Trefelin BGC,3,1,4,1,1,1,1,1,0,0
2024-11-05,Wales,Caernarfon Town,Pontypridd Town,1,0,1,0,0,0,0,1,0,0
2024-06-12,Wales,Trefelin BGC,Caernarfon Town,2,1,3,1,1,1,0,1,0,0
2024-01-16,Wales,Trefelin BGC,Pontypridd Town,0,2,2,0,1,0,0,0,1,0
2024-07-02,Wales,The New Saints,Trefelin BGC,0,1,1,0,0,0,0,0,1,0
2024-06-02,Wales,Trefelin BGC,Pontypridd Town,1,1,2,1,1,0,0,0,0,1
2024-01-17,Wales,The New Saints,Trefelin BGC,1,2,3,1,1,1,0,0,1,0
2024-07-06,Wales,Pontypridd Town,Caernarfon Town,0,0,0,0,0,0,0,0,0,1
2024-04-21,Wales,The New Saints,Pontypridd Town,3,3,6,1,1,1,1,0,0,1
2024-07-22,Wales,Pontypridd Town,Trefelin BGC,2,1,3,1,1,1,0,1,0,0
2024-08-22,Wales,Pontypridd Town,Caernarfon Town,1,1,2,1,1,0,0,0,0,1
2024-03-01,Wales,Caernarfon Town,Pontypridd Town,1,2,3,1,1,1,0,0,1,0
2024-03-26,Wales,Trefelin BGC,Caernarfon Town,3,2,5,1,1,1,1,1,0,0
2024-02-20,Wales,The New Saints,Caernarfon Town,0,1,1,0,0,0,0,0,1,0
2024-03-09,Mexico,Club Leon,Pumas Unam,3,0,3,0,1,1,0,1,0,0
2024-12-13,Mexico,Pumas Unam,Club Leon,1,0,1,0,0,0,0,1,0,0
2024-10-30,Mexico,Pumas Unam,Club Leon,0,4,4,0,1,1,1,0,1,0
2024-12-27,Mexico,Club Leon,Pumas Unam,2,0,2,0,1,0,0,1,0,0
2024-01-22,Mexico,Pumas Unam,Club Leon,2,2,4,1,1,1,1,0,0,1
2024-10-13,Mexico,Pumas Unam,Club Leon,1,0,1,0,0,0,0,1,0,0
2024-03-14,Mexico,Pumas Unam,Club Leon,0,1,1,0,0,0,0,0,1,0
2024-01-09,Mexico,Club Leon,Pumas Unam,1,1,2,1,1,0,0,0,0,1
2024-12-13,Mexico,Club Leon,Pumas Unam,3,2,5,1,1,1,1,1,0,0
2024-12-22,Mexico,Pumas Unam,Club Leon,0,0,0,0,0,0,0,0,0,1
2024-07-21,Mexico,Club Leon,Pumas Unam,2,2,4,1,1,1,1,0,0,1
2024-05-27,Mexico,Pumas Unam,Club Leon,1,3,4,1,1,1,1,0,1,0
2024-11-06,Mexico,Club Leon,Pumas Unam,0,0,0,0,0,0,0,0,0,1
2024-06-10,Mexico,Pumas Unam,Club Leon,1,1,2,1,1,0,0,0,0,1
2024-10-22,Mexico,Club Leon,Pumas Unam,1,2,3,1,1,1,0,0,1,0
2024-08-04,Mexico,Club Leon,Pumas Unam,1,0,1,0,0,0,0,1,0,0
2024-06-22,Mexico,Club Leon,Pumas Unam,1,1,2,1,1,0,0,0,0,1
2024-08-14,Mexico,Pumas Unam,Club Leon,2,4,6,1,1,1,1,0,1,0
2024-04-22,Mexico,Club Leon,Pumas Unam,1,2,3,1,1,1,0,0,1,0
2024-01-25,Mexico,Pumas Unam,Club Leon,1,1,2,1,1,0,0,0,0,1
2024-07-25,Mexico,Pumas Unam,Club Leon,2,0,2,0,1,0,0,1,0,0
2024-09-16,Mexico,Pumas Unam,Club Leon,0,0,0,0,0,0,0,0,0,1
2024-05-01,Mexico,Pumas Unam,Club Leon,1,1,2,1,1,0,0,0,0,1
2024-12-15,Mexico,Pumas Unam,Club Leon,0,2,2,0,1,0,0,0,1,0
2024-02-28,Mexico,Pumas Unam,Club Leon,2,1,3,1,1,1,0,1,0,0
2024-05-10,Mexico,Pumas Unam,Club Leon,0,3,3,0,1,1,0,0,1,0
2024-02-18,Mexico,Pumas Unam,Club Leon,2,0,2,0,1,0,0,1,0,0
2024-04-03,Mexico,Club Leon,Pumas Unam,2,0,2,0,1,0,0,1,0,0
2024-08-02,Mexico,Pumas Unam,Club Leon,1,0,1,0,0,0,0,1,0,0
2024-05-31,Mexico,Club Leon,Pumas Unam,0,1,1,0,0,0,0,0,1,0
2024-01-27,Mexico,Club Leon,Pumas Unam,1,3,4,1,1,1,1,0,1,0
2024-06-21,Mexico,Club Leon,Pumas Unam,3,0,3,0,1,1,0,1,0,0
2024-09-29,Mexico,Pumas Unam,Club Leon,2,1,3,1,1,1,0,1,0,0
2024-05-02,Mexico,Pumas Unam,Club Leon,2,2,4,1,1,1,1,0,0,1
2024-01-31,Mexico,Pumas Unam,Club Leon,1,2,3,1,1,1,0,0,1,0
2024-06-16,Mexico,Pumas Unam,Club Leon,3,0,3,0,1,1,0,1,0,0
2024-10-01,Mexico,Club Leon,Pumas Unam,2,2,4,1,1,1,1,0,0,1
2024-10-13,Mexico,Club Leon,Pumas Unam,1,0,1,0,0,0,0,1,0,0
2024-02-07,Mexico,Club Leon,Pumas Unam,0,2,2,0,1,0,0,0,1,0
2024-11-03,Mexico,Pumas Unam,Club Leon,2,4,6,1,1,1,1,0,1,0
2024-08-15,Mexico,Club Leon,Pumas Unam,3,2,5,1,1,1,1,1,0,0
2024-07-13,Mexico,Pumas Unam,Club Leon,0,1,1,0,0,0,0,0,1,0
2024-03-06,Mexico,Pumas Unam,Club Leon,2,1,3,1,1,1,0,1,0,0
2024-02-10,Mexico,Pumas Unam,Club Leon,4,2,6,1,1,1,1,1,0,0
2024-06-29,Mexico,Pumas Unam,Club Leon,1,1,2,1,1,0,0,0,0,1
2024-04-23,Mexico,Club Leon,Pumas Unam,0,2,2,0,1,0,0,0,1,0
2024-05-22,Mexico,Pumas Unam,Club Leon,1,1,2,1,1,0,0,0,0,1
2024-03-17,Mexico,Club Leon,Pumas Unam,3,3,6,1,1,1,1,0,0,1
2024-09-26,Mexico,Pumas Unam,Club Leon,0,1,1,0,0,0,0,0,1,0
2024-01-10,Mexico,Pumas Unam,Club Leon,1,0,1,0,0,0,0,1,0,0
2024-12-26,Australia,Adelaide City,Adelaide Comets,2,1,3,1,1,1,0,1,0,0
2024-01-31,Australia,Adelaide City,Adelaide Comets,2,0,2,0,1,0,0,1,0,0
2024-04-01,Australia,Adelaide City,Adelaide Comets,0,1,1,0,0,0,0,0,1,0
2024-08-12,Australia,Adelaide City,Adelaide Comets,5,3,8,1,1,1,1,1,0,0
2024-02-28,Australia,Adelaide City,Adelaide Comets,2,1,3,1,1,1,0,1,0,0
2024-10-03,Australia,Adelaide City,Adelaide Comets,1,1,2,1,1,0,0,0,0,1
2024-10-30,Australia,Adelaide Comets,Adelaide City,2,1,3,1,1,1,0,1,0,0
2024-11-21,Australia,Adelaide City,Adelaide Comets,3,2,5,1,1,1,1,1,0,0
2024-12-27,Australia,Adelaide Comets,Adelaide City,3,2,5,1,1,1,1,1,0,0
2024-05-29,Australia,Adelaide City,Adelaide Comets,1,1,2,1,1,0,0,0,0,1
2024-03-31,Australia,Adelaide City,Adelaide Comets,1,1,2,1,1,0,0,0,0,1
2024-12-13,Australia,Adelaide Comets,Adelaide City,0,5,5,0,1,1,1,0,1,0
2024-01-02,Australia,Adelaide Comets,Adelaide City,0,0,0,0,0,0,0,0,0,1
2024-06-24,Australia,Adelaide City,Adelaide Comets,1,3,4,1,1,1,1,0,1,0
2024-11-14,Australia,Adelaide City,Adelaide Comets,0,2,2,0,1,0,0,0,1,0
2024-06-04,Australia,Adelaide Comets,Adelaide City,0,4,4,0,1,1,1,0,1,0
2024-10-21,Australia,Adelaide City,Adelaide Comets,2,2,4,1,1,1,1,0,0,1
2024-06-21,Australia,Adelaide City,Adelaide Comets,3,2,5,1,1,1,1,1,0,0
2024-05-05,Australia,Adelaide City,Adelaide Comets,1,1,2,1,1,0,0,0,0,1
2024-03-08,Australia,Adelaide City,Adelaide Comets,4,1,5,1,1,1,1,1,0,0
2024-03-11,Australia,Adelaide Comets,Adelaide City,1,1,2,1,1,0,0,0,0,1
2024-10-01,Australia,Adelaide City,Adelaide Comets,0,2,2,0,1,0,0,0,1,0
2024-06-06,Australia,Adelaide Comets,Adelaide City,1,1,2,1,1,0,0,0,0,1
2024-05-21,Australia,Adelaide Comets,Adelaide City,1,0,1,0,0,0,0,1,0,0
2024-03-02,Australia,Adelaide Comets,Adelaide City,0,0,0,0,0,0,0,0,0,1
2024-02-26,Australia,Adelaide City,Adelaide Comets,0,0,0,0,0,0,0,0,0,1
2024-05-26,Australia,Adelaide City,Adelaide Comets,2,1,3,1,1,1,0,1,0,0
2024-05-08,Australia,Adelaide Comets,Adelaide City,2,1,3,1,1,1,0,1,0,0
2024-04-08,Australia,Adelaide City,Adelaide Comets,1,4,5,1,1,1,1,0,1,0
2024-06-14,Australia,Adelaide Comets,Adelaide City,1,1,2,1,1,0,0,0,0,1
2024-05-04,Australia,Adelaide Comets,Adelaide City,3,3,6,1,1,1,1,0,0,1
2024-11-09,Australia,Adelaide City,Adelaide Comets,1,0,1,0,0,0,0,1,0,0
2024-08-24,Australia,Adelaide Comets,Adelaide City,0,2,2,0,1,0,0,0,1,0
2024-05-15,Australia,Adelaide Comets,Adelaide City,1,1,2,1,1,0,0,0,0,1
2024-03-11,Australia,Adelaide Comets,Adelaide City,2,0,2,0,1,0,0,1,0,0
2024-03-24,Australia,Adelaide Comets,Adelaide City,3,1,4,1,1,1,1,1,0,0
2024-10-16,Australia,Adelaide City,Adelaide Comets,0,4,4,0,1,1,1,0,1,0
2024-04-10,Australia,Adelaide City,Adelaide Comets,0,1,1,0,0,0,0,0,1,0
2024-07-09,Australia,Adelaide Comets,Adelaide City,1,0,1,0,0,0,0,1,0,0
2024-08-12,Australia,Adelaide Comets,Adelaide City,1,2,3,1,1,1,0,0,1,0
2024-04-05,Australia,Adelaide City,Adelaide Comets,0,1,1,0,0,0,0,0,1,0
2024-07-24,Australia,Adelaide City,Adelaide Comets,4,1,5,1,1,1,1,1,0,0
2024-08-15,Australia,Adelaide City,Adelaide Comets,2,4,6,1,1,1,1,0,1,0
2024-12-25,Australia,Adelaide City,Adelaide Comets,1,1,2,1,1,0,0,0,0,1
2024-08-15,Australia,Adelaide City,Adelaide Comets,2,0,2,0,1,0,0,1,0,0
2024-06-25,Australia,Adelaide Comets,Adelaide City,1,2,3,1,1,1,0,0,1,0
2024-01-05,Australia,Adelaide City,Adelaide Comets,0,2,2,0,1,0,0,0,1,0
2024-09-22,Australia,Adelaide Comets,Adelaide City,0,1,1,0,0,0,0,0,1,0
2024-02-22,Australia,Adelaide Comets,Adelaide City,2,0,2,0,1,0,0,1,0,0
2024-10-01,Australia,Adelaide Comets,Adelaide City,3,1,4,1,1,1,1,1,0,0
2024-03-22,New_Zealand,Upper Hutt City,Petone FC,2,0,2,0,1,0,0,1,0,0
2024-11-20,New_Zealand,Petone FC,Upper Hutt City,0,1,1,0,0,0,0,0,1,0
2024-07-13,New_Zealand,Upper Hutt City,Petone FC,0,2,2,0,1,0,0,0,1,0
2024-04-03,New_Zealand,Upper Hutt City,Petone FC,1,2,3,1,1,1,0,0,1,0
2024-08-31,New_Zealand,Petone FC,Upper Hutt City,3,2,5,1,1,1,1,1,0,0
2024-07-11,New_Zealand,Petone FC,Upper Hutt City,1,0,1,0,0,0,0,1,0,0
2024-09-26,New_Zealand,Petone FC,Upper Hutt City,3,1,4,1,1,1,1,1,0,0
2024-02-26,New_Zealand,Upper Hutt City,Petone FC,1,0,1,0,0,0,0,1,0,0
2024-04-06,New_Zealand,Petone FC,Upper Hutt City,1,2,3,1,1,1,0,0,1,0
2024-11-21,New_Zealand,Petone FC,Upper Hutt City,1,1,2,1,1,0,0,0,0,1
2024-10-25,New_Zealand,Upper Hutt City,Petone FC,1,4,5,1,1,1,1,0,1,0
2024-07-27,New_Zealand,Upper Hutt City,Petone FC,0,1,1,0,0,0,0,0,1,0
2024-11-11,New_Zealand,Petone FC,Upper Hutt City,2,5,7,1,1,1,1,0,1,0
2024-03-30,New_Zealand,Petone FC,Upper Hutt City,1,1,2,1,1,0,0,0,0,1
2024-08-05,New_Zealand,Upper Hutt City,Petone FC,2,2,4,1,1,1,1,0,0,1
2024-09-06,New_Zealand,Upper Hutt City,Petone FC,2,1,3,1,1,1,0,1,0,0
2024-08-27,New_Zealand,Upper Hutt City,Petone FC,2,2,4,1,1,1,1,0,0,1
2024-05-21,New_Zealand,Petone FC,Upper Hutt City,4,1,5,1,1,1,1,1,0,0
2024-05-25,New_Zealand,Petone FC,Upper Hutt City,0,4,4,0,1,1,1,0,1,0
2024-07-25,New_Zealand,Upper Hutt City,Petone FC,2,2,4,1,1,1,1,0,0,1
2024-09-17,New_Zealand,Upper Hutt City,Petone FC,3,0,3,0,1,1,0,1,0,0
2024-12-07,New_Zealand,Upper Hutt City,Petone FC,1,1,2,1,1,0,0,0,0,1
2024-04-01,New_Zealand,Upper Hutt City,Petone FC,0,1,1,0,0,0,0,0,1,0
2024-04-22,New_Zealand,Petone FC,Upper Hutt City,3,0,3,0,1,1,0,1,0,0
2024-09-03,New_Zealand,Upper Hutt City,Petone FC,3,4,7,1,1,1,1,0,1,0
2024-06-25,New_Zealand,Petone FC,Upper Hutt City,1,1,2,1,1,0,0,0,0,1
2024-04-22,New_Zealand,Upper Hutt City,Petone FC,1,0,1,0,0,0,0,1,0,0
2024-02-11,New_Zealand,Petone FC,Upper Hutt City,1,2,3,1,1,1,0,0,1,0
2024-01-02,New_Zealand,Petone FC,Upper Hutt City,2,0,2,0,1,0,0,1,0,0
2024-08-01,New_Zealand,Petone FC,Upper Hutt City,3,0,3,0,1,1,0,1,0,0
2024-01-16,New_Zealand,Petone FC,Upper Hutt City,1,0,1,0,0,0,0,1,0,0
2024-06-24,New_Zealand,Upper Hutt City,Petone FC,2,2,4,1,1,1,1,0,0,1
2024-07-31,New_Zealand,Upper Hutt City,Petone FC,1,3,4,1,1,1,1,0,1,0
2024-03-16,New_Zealand,Upper Hutt City,Petone FC,1,2,3,1,1,1,0,0,1,0
2024-01-31,New_Zealand,Petone FC,Upper Hutt City,2,1,3,1,1,1,0,1,0,0
2024-09-08,New_Zealand,Petone FC,Upper Hutt City,4,0,4,0,1,1,1,1,0,0
2024-11-13,New_Zealand,Petone FC,Upper Hutt City,1,1,2,1,1,0,0,0,0,1
2024-01-17,New_Zealand,Upper Hutt City,Petone FC,0,1,1,0,0,0,0,0,1,0
2024-11-04,New_Zealand,Upper Hutt City,Petone FC,2,1,3,1,1,1,0,1,0,0
2024-07-31,New_Zealand,Petone FC,Upper Hutt City,1,0,1,0,0,0,0,1,0,0
2024-08-17,New_Zealand,Petone FC,Upper Hutt City,1,0,1,0,0,0,0,1,0,0
2024-08-14,New_Zealand,Upper Hutt City,Petone FC,2,1,3,1,1,1,0,1,0,0
2024-02-26,New_Zealand,Petone FC,Upper Hutt City,2,3,5,1,1,1,1,0,1,0
2024-08-09,New_Zealand,Petone FC,Upper Hutt City,1,2,3,1,1,1,0,0,1,0
2024-03-23,New_Zealand,Upper Hutt City,Petone FC,2,0,2,0,1,0,0,1,0,0
2024-03-28,New_Zealand,Petone FC,Upper Hutt City,6,0,6,0,1,1,1,1,0,0
2024-09-16,New_Zealand,Upper Hutt City,Petone FC,2,2,4,1,1,1,1,0,0,1
2024-12-23,New_Zealand,Upper Hutt City,Petone FC,1,0,1,0,0,0,0,1,0,0
2024-06-15,New_Zealand,Petone FC,Upper Hutt City,1,0,1,0,0,0,0,1,0,0
2024-10-17,New_Zealand,Petone FC,Upper Hutt City,4,2,6,1,1,1,1,1,0,0
2024-11-05,EPL,Newcastle,Arsenal,1,1,2,1,1,0,0,0,0,1
2024-12-12,EPL,Tottenham,Liverpool,0,2,2,0,1,0,0,0,1,0
2024-02-02,EPL,Chelsea,Manchester City,2,0,2,0,1,0,0,1,0,0
2024-07-21,EPL,Tottenham,Newcastle,2,0,2,0,1,0,0,1,0,0
2024-08-15,EPL,Arsenal,Liverpool,0,1,1,0,0,0,0,0,1,0
2024-05-26,EPL,Arsenal,Chelsea,1,1,2,1,1,0,0,0,0,1
2024-02-06,EPL,Liverpool,Chelsea,0,0,0,0,0,0,0,0,0,1
2024-09-24,EPL,Tottenham,Manchester City,1,1,2,1,1,0,0,0,0,1
2024-05-13,EPL,Manchester City,Liverpool,1,2,3,1,1,1,0,0,1,0
2024-12-24,EPL,Arsenal,Tottenham,1,4,5,1,1,1,1,0,1,0
2024-03-10,EPL,Man Utd,Arsenal,0,2,2,0,1,0,0,0,1,0
2024-02-08,EPL,Chelsea,Manchester City,1,1,2,1,1,0,0,0,0,1
2024-06-26,EPL,Chelsea,Liverpool,1,1,2,1,1,0,0,0,0,1
2024-10-19,EPL,Newcastle,Tottenham,1,2,3,1,1,1,0,0,1,0
2024-09-26,EPL,Man Utd,Manchester City,4,1,5,1,1,1,1,1,0,0
2024-08-01,EPL,Newcastle,Man Utd,1,2,3,1,1,1,0,0,1,0
2024-05-18,EPL,Arsenal,Newcastle,0,5,5,0,1,1,1,0,1,0
2024-07-03,EPL,Man Utd,Chelsea,1,0,1,0,0,0,0,1,0,0
2024-03-09,EPL,Arsenal,Man Utd,0,2,2,0,1,0,0,0,1,0
2024-12-24,EPL,Manchester City,Newcastle,0,2,2,0,1,0,0,0,1,0
2024-06-24,EPL,Liverpool,Arsenal,1,2,3,1,1,1,0,0,1,0
2024-03-27,EPL,Arsenal,Liverpool,3,0,3,0,1,1,0,1,0,0
2024-08-12,EPL,Manchester City,Liverpool,0,1,1,0,0,0,0,0,1,0
2024-10-31,EPL,Liverpool,Newcastle,0,2,2,0,1,0,0,0,1,0
2024-06-15,EPL,Arsenal,Tottenham,2,0,2,0,1,0,0,1,0,0
2024-10-25,EPL,Man Utd,Chelsea,2,1,3,1,1,1,0,1,0,0
2024-11-22,EPL,Manchester City,Man Utd,0,1,1,0,0,0,0,0,1,0
2024-12-06,EPL,Manchester City,Arsenal,0,4,4,0,1,1,1,0,1,0
2024-01-18,EPL,Arsenal,Newcastle,1,5,6,1,1,1,1,0,1,0
2024-06-02,EPL,Chelsea,Man Utd,2,2,4,1,1,1,1,0,0,1
2024-03-13,EPL,Arsenal,Tottenham,6,2,8,1,1,1,1,1,0,0
2024-12-02,EPL,Chelsea,Newcastle,2,2,4,1,1,1,1,0,0,1
2024-12-20,EPL,Liverpool,Chelsea,0,0,0,0,0,0,0,0,0,1
2024-05-10,EPL,Arsenal,Liverpool,2,1,3,1,1,1,0,1,0,0
2024-01-27,EPL,Newcastle,Manchester City,2,0,2,0,1,0,0,1,0,0
2024-11-01,EPL,Tottenham,Newcastle,1,2,3,1,1,1,0,0,1,0
2024-06-22,EPL,Arsenal,Tottenham,1,2,3,1,1,1,0,0,1,0
2024-10-28,EPL,Man Utd,Arsenal,2,4,6,1,1,1,1,0,1,0
2024-10-25,EPL,Manchester City,Tottenham,1,1,2,1,1,0,0,0,0,1
2024-08-29,EPL,Man Utd,Tottenham,1,0,1,0,0,0,0,1,0,0
2024-02-10,EPL,Newcastle,Chelsea,1,1,2,1,1,0,0,0,0,1
2024-04-06,EPL,Liverpool,Chelsea,0,0,0,0,0,0,0,0,0,1
2024-03-24,EPL,Chelsea,Manchester City,0,1,1,0,0,0,0,0,1,0
2024-10-04,EPL,Man Utd,Arsenal,3,2,5,1,1,1,1,1,0,0
2024-12-30,EPL,Tottenham,Liverpool,4,2,6,1,1,1,1,1,0,0
2024-01-17,EPL,Liverpool,Chelsea,0,1,1,0,0,0,0,0,1,0
2024-02-03,EPL,Liverpool,Newcastle,2,0,2,0,1,0,0,1,0,0
2024-02-08,EPL,Manchester City,Arsenal,0,2,2,0,1,0,0,0,1,0
2024-03-23,EPL,Newcastle,Chelsea,3,2,5,1,1,1,1,1,0,0
2024-11-09,EPL,Chelsea,Arsenal,2,1,3,1,1,1,0,1,0,0
2024-06-11,EPL,Arsenal,Newcastle,0,1,1,0,0,0,0,0,1,0
2024-05-04,EPL,Man Utd,Arsenal,2,1,3,1,1,1,0,1,0,0
2024-06-19,EPL,Manchester City,Arsenal,1,0,1,0,0,0,0,1,0,0
2024-02-03,EPL,Tottenham,Manchester City,0,2,2,0,1,0,0,0,1,0
2024-08-31,EPL,Arsenal,Tottenham,3,1,4,1,1,1,1,1,0,0
2024-04-28,EPL,Newcastle,Liverpool,2,2,4,1,1,1,1,0,0,1
2024-05-21,EPL,Chelsea,Arsenal,3,1,4,1,1,1,1,1,0,0
2024-01-31,EPL,Arsenal,Manchester City,2,3,5,1,1,1,1,0,1,0
2024-09-15,EPL,Manchester City,Chelsea,1,1,2,1,1,0,0,0,0,1
2024-07-19,EPL,Chelsea,Manchester City,1,1,2,1,1,0,0,0,0,1
2024-11-21,EPL,Liverpool,Tottenham,3,3,6,1,1,1,1,0,0,1
2024-10-03,EPL,Arsenal,Man Utd,2,1,3,1,1,1,0,1,0,0
2024-11-27,EPL,Man Utd,Chelsea,1,4,5,1,1,1,1,0,1,0
2024-08-27,EPL,Tottenham,Newcastle,2,0,2,0,1,0,0,1,0,0
2024-08-08,EPL,Man Utd,Tottenham,3,1,4,1,1,1,1,1,0,0
2024-04-23,EPL,Arsenal,Tottenham,3,4,7,1,1,1,1,0,1,0
2024-04-07,EPL,Newcastle,Manchester City,3,2,5,1,1,1,1,1,0,0
2024-11-16,EPL,Liverpool,Newcastle,0,1,1,0,0,0,0,0,1,0
2024-04-23,EPL,Newcastle,Chelsea,1,3,4,1,1,1,1,0,1,0
2024-09-02,EPL,Tottenham,Man Utd,4,1,5,1,1,1,1,1,0,0
2024-06-19,EPL,Man Utd,Newcastle,1,1,2,1,1,0,0,0,0,1
2024-05-31,EPL,Arsenal,Manchester City,1,2,3,1,1,1,0,0,1,0
2024-03-11,EPL,Chelsea,Liverpool,2,1,3,1,1,1,0,1,0,0
2024-03-05,EPL,Newcastle,Arsenal,0,2,2,0,1,0,0,0,1,0
2024-10-27,EPL,Chelsea,Liverpool,2,2,4,1,1,1,1,0,0,1
2024-09-17,EPL,Liverpool,Chelsea,1,2,3,1,1,1,0,0,1,0
2024-07-13,EPL,Man Utd,Newcastle,1,1,2,1,1,0,0,0,0,1
2024-09-02,EPL,Manchester City,Liverpool,2,1,3,1,1,1,0,1,0,0
2024-01-28,EPL,Newcastle,Tottenham,1,0,1,0,0,0,0,1,0,0
2024-11-11,EPL,Manchester City,Tottenham,1,1,2,1,1,0,0,0,0,1
2024-12-30,EPL,Liverpool,Tottenham,2,0,2,0,1,0,0,1,0,0
2024-03-06,EPL,Man Utd,Arsenal,2,2,4,1,1,1,1,0,0,1
2024-05-14,EPL,Manchester City,Liverpool,1,1,2,1,1,0,0,0,0,1
2024-07-03,EPL,Tottenham,Arsenal,3,0,3,0,1,1,0,1,0,0
2024-10-22,EPL,Chelsea,Newcastle,3,0,3,0,1,1,0,1,0,0
2024-07-29,EPL,Tottenham,Manchester City,3,2,5,1,1,1,1,1,0,0
2024-07-18,EPL,Liverpool,Newcastle,1,1,2,1,1,0,0,0,0,1
2024-04-08,EPL,Liverpool,Manchester City,2,1,3,1,1,1,0,1,0,0
2024-06-02,EPL,Arsenal,Liverpool,2,0,2,0,1,0,0,1,0,0
2024-10-05,EPL,Liverpool,Newcastle,1,3,4,1,1,1,1,0,1,0
2024-03-07,EPL,Man Utd,Chelsea,2,2,4,1,1,1,1,0,0,1
2024-08-12,EPL,Tottenham,Liverpool,1,0,1,0,0,0,0,1,0,0
2024-03-22,EPL,Liverpool,Chelsea,0,2,2,0,1,0,0,0,1,0
2024-11-03,EPL,Manchester City,Newcastle,1,0,1,0,0,0,0,1,0,0
2024-05-06,EPL,Liverpool,Tottenham,1,2,3,1,1,1,0,0,1,0
2024-04-21,EPL,Newcastle,Arsenal,1,5,6,1,1,1,1,0,1,0
2024-04-03,EPL,Chelsea,Newcastle,0,3,3,0,1,1,0,0,1,0
2024-06-23,EPL,Newcastle,Tottenham,0,2,2,0,1,0,0,0,1,0
2024-11-26,EPL,Liverpool,Arsenal,1,2,3,1,1,1,0,0,1,0
2024-07-09,EPL,Arsenal,Man Utd,3,2,5,1,1,1,1,1,0,0
2024-12-22,EPL,Arsenal,Chelsea,2,1,3,1,1,1,0,1,0,0
2024-09-11,EPL,Liverpool,Arsenal,1,1,2,1,1,0,0,0,0,1
2024-04-19,EPL,Tottenham,Arsenal,0,2,2,0,1,0,0,0,1,0
2024-06-15,EPL,Tottenham,Chelsea,2,0,2,0,1,0,0,1,0,0
2024-03-11,EPL,Newcastle,Liverpool,0,0,0,0,0,0,0,0,0,1
2024-02-16,EPL,Manchester City,Newcastle,0,0,0,0,0,0,0,0,0,1
2024-10-14,EPL,Arsenal,Manchester City,4,1,5,1,1,1,1,1,0,0
2024-10-23,EPL,Chelsea,Liverpool,1,1,2,1,1,0,0,0,0,1
2024-10-06,EPL,Tottenham,Arsenal,3,3,6,1,1,1,1,0,0,1
2024-02-13,EPL,Tottenham,Man Utd,3,1,4,1,1,1,1,1,0,0
2024-09-11,EPL,Newcastle,Man Utd,1,5,6,1,1,1,1,0,1,0
2024-04-14,EPL,Newcastle,Arsenal,1,1,2,1,1,0,0,0,0,1
2024-06-28,EPL,Liverpool,Man Utd,1,0,1,0,0,0,0,1,0,0
2024-06-09,EPL,Arsenal,Chelsea,0,0,0,0,0,0,0,0,0,1
2024-07-08,EPL,Newcastle,Liverpool,3,0,3,0,1,1,0,1,0,0
2024-06-12,EPL,Manchester City,Tottenham,0,0,0,0,0,0,0,0,0,1
2024-07-11,EPL,Manchester City,Arsenal,2,0,2,0,1,0,0,1,0,0
2024-01-25,EPL,Newcastle,Liverpool,1,1,2,1,1,0,0,0,0,1
2024-08-17,EPL,Arsenal,Tottenham,0,1,1,0,0,0,0,0,1,0
2024-10-04,EPL,Liverpool,Man Utd,1,2,3,1,1,1,0,0,1,0
2024-06-02,EPL,Arsenal,Liverpool,2,1,3,1,1,1,0,1,0,0
2024-11-20,EPL,Chelsea,Tottenham,1,3,4,1,1,1,1,0,1,0
2024-03-31,EPL,Newcastle,Man Utd,1,1,2,1,1,0,0,0,0,1
2024-07-28,EPL,Arsenal,Chelsea,1,2,3,1,1,1,0,0,1,0
2024-04-03,EPL,Chelsea,Tottenham,1,0,1,0,0,0,0,1,0,0
2024-11-23,EPL,Man Utd,Tottenham,1,1,2,1,1,0,0,0,0,1
2024-05-03,EPL,Newcastle,Manchester City,2,0,2,0,1,0,0,1,0,0
2024-11-20,EPL,Tottenham,Man Utd,5,1,6,1,1,1,1,1,0,0
2024-09-17,EPL,Liverpool,Manchester City,1,3,4,1,1,1,1,0,1,0
2024-02-01,EPL,Liverpool,Newcastle,3,0,3,0,1,1,0,1,0,0
2024-02-22,EPL,Man Utd,Tottenham,2,1,3,1,1,1,0,1,0,0
2024-01-28,EPL,Chelsea,Newcastle,1,2,3,1,1,1,0,0,1,0
2024-04-07,EPL,Man Utd,Tottenham,2,0,2,0,1,0,0,1,0,0
2024-05-31,EPL,Liverpool,Newcastle,1,0,1,0,0,0,0,1,0,0
2024-09-18,EPL,Newcastle,Chelsea,1,3,4,1,1,1,1,0,1,0
2024-01-29,EPL,Arsenal,Manchester City,1,1,2,1,1,0,0,0,0,1
2024-09-27,EPL,Manchester City,Newcastle,3,3,6,1,1,1,1,0,0,1
2024-08-14,EPL,Man Utd,Tottenham,2,3,5,1,1,1,1,0,1,0
2024-03-24,EPL,Liverpool,Newcastle,0,4,4,0,1,1,1,0,1,0
2024-03-20,EPL,Tottenham,Newcastle,3,0,3,0,1,1,0,1,0,0
2024-04-14,EPL,Newcastle,Man Utd,2,0,2,0,1,0,0,1,0,0
2024-10-26,EPL,Man Utd,Tottenham,1,0,1,0,0,0,0,1,0,0
2024-01-27,EPL,Tottenham,Liverpool,2,0,2,0,1,0,0,1,0,0
2024-07-09,EPL,Tottenham,Newcastle,0,1,1,0,0,0,0,0,1,0
2024-10-16,EPL,Liverpool,Arsenal,3,1,4,1,1,1,1,1,0,0
2024-01-11,EPL,Arsenal,Newcastle,2,0,2,0,1,0,0,1,0,0
2024-01-01,EPL,Man Utd,Newcastle,0,1,1,0,0,0,0,0,1,0
2024-11-20,EPL,Newcastle,Arsenal,1,4,5,1,1,1,1,0,1,0
2024-02-11,EPL,Man Utd,Tottenham,0,1,1,0,0,0,0,0,1,0
2024-01-09,EPL,Chelsea,Tottenham,1,0,1,0,0,0,0,1,0,0
2024-09-16,EPL,Chelsea,Newcastle,0,1,1,0,0,0,0,0,1,0
2024-11-17,EPL,Arsenal,Liverpool,1,1,2,1,1,0,0,0,0,1
2024-04-16,EPL,Tottenham,Newcastle,5,1,6,1,1,1,1,1,0,0
2024-12-01,EPL,Chelsea,Liverpool,1,0,1,0,0,0,0,1,0,0
2024-11-02,EPL,Liverpool,Newcastle,3,2,5,1,1,1,1,1,0,0
2024-04-14,EPL,Liverpool,Tottenham,0,1,1,0,0,0,0,0,1,0
2024-10-19,EPL,Newcastle,Arsenal,0,1,1,0,0,0,0,0,1,0
2024-10-31,EPL,Liverpool,Man Utd,1,1,2,1,1,0,0,0,0,1
2024-04-30,EPL,Man Utd,Chelsea,0,3,3,0,1,1,0,0,1,0
2024-01-15,EPL,Arsenal,Liverpool,3,4,7,1,1,1,1,0,1,0
2024-02-10,EPL,Manchester City,Tottenham,2,0,2,0,1,0,0,1,0,0
2024-05-21,EPL,Chelsea,Manchester City,3,1,4,1,1,1,1,1,0,0
2024-09-13,EPL,Newcastle,Tottenham,6,2,8,1,1,1,1,1,0,0
2024-08-22,EPL,Manchester City,Arsenal,2,2,4,1,1,1,1,0,0,1
2024-08-07,EPL,Arsenal,Tottenham,1,0,1,0,0,0,0,1,0,0
2024-01-27,EPL,Liverpool,Man Utd,2,2,4,1,1,1,1,0,0,1
2024-02-18,EPL,Arsenal,Chelsea,1,0,1,0,0,0,0,1,0,0
2024-09-30,EPL,Man Utd,Tottenham,6,1,7,1,1,1,1,1,0,0
2024-06-11,EPL,Tottenham,Man Utd,0,1,1,0,0,0,0,0,1,0
2024-05-18,EPL,Tottenham,Arsenal,3,0,3,0,1,1,0,1,0,0
2024-11-19,EPL,Chelsea,Manchester City,0,1,1,0,0,0,0,0,1,0
2024-04-09,EPL,Tottenham,Chelsea,4,2,6,1,1,1,1,1,0,0
2024-08-27,EPL,Man Utd,Manchester City,1,2,3,1,1,1,0,0,1,0
2024-08-07,EPL,Man Utd,Newcastle,4,0,4,0,1,1,1,1,0,0
2024-04-08,EPL,Tottenham,Chelsea,1,4,5,1,1,1,1,0,1,0
2024-07-05,EPL,Chelsea,Newcastle,1,0,1,0,0,0,0,1,0,0
2024-01-11,EPL,Man Utd,Chelsea,1,0,1,0,0,0,0,1,0,0
2024-01-31,EPL,Chelsea,Liverpool,0,0,0,0,0,0,0,0,0,1
2024-03-25,EPL,Tottenham,Man Utd,0,4,4,0,1,1,1,0,1,0
2024-05-12,EPL,Chelsea,Newcastle,2,0,2,0,1,0,0,1,0,0
2024-02-22,EPL,Tottenham,Chelsea,0,0,0,0,0,0,0,0,0,1
2024-05-27,EPL,Chelsea,Arsenal,2,0,2,0,1,0,0,1,0,0
2024-01-10,EPL,Chelsea,Manchester City,1,2,3,1,1,1,0,0,1,0
2024-09-10,EPL,Tottenham,Man Utd,0,1,1,0,0,0,0,0,1,0
2024-12-15,EPL,Man Utd,Tottenham,2,2,4,1,1,1,1,0,0,1
2024-06-01,EPL,Newcastle,Chelsea,1,1,2,1,1,0,0,0,0,1
2024-06-13,EPL,Arsenal,Manchester City,1,1,2,1,1,0,0,0,0,1
2024-09-28,EPL,Arsenal,Liverpool,1,2,3,1,1,1,0,0,1,0
2024-12-20,EPL,Liverpool,Newcastle,2,4,6,1,1,1,1,0,1,0
2024-04-27,EPL,Liverpool,Newcastle,0,2,2,0,1,0,0,0,1,0
2024-05-29,EPL,Arsenal,Liverpool,2,2,4,1,1,1,1,0,0,1
2024-05-15,EPL,Liverpool,Arsenal,2,0,2,0,1,0,0,1,0,0
2024-06-14,EPL,Tottenham,Newcastle,1,2,3,1,1,1,0,0,1,0
2024-04-26,EPL,Liverpool,Tottenham,1,1,2,1,1,0,0,0,0,1
2024-01-27,EPL,Newcastle,Arsenal,1,1,2,1,1,0,0,0,0,1
2024-08-08,EPL,Newcastle,Man Utd,1,0,1,0,0,0,0,1,0,0
2024-07-04,EPL,Tottenham,Arsenal,3,1,4,1,1,1,1,1,0,0
2024-04-20,EPL,Manchester City,Chelsea,2,0,2,0,1,0,0,1,0,0
2024-11-26,EPL,Newcastle,Liverpool,3,1,4,1,1,1,1,1,0,0
2024-01-03,EPL,Newcastle,Tottenham,1,0,1,0,0,0,0,1,0,0
2024-03-17,La_Liga,Real Sociedad,Atletico Madrid,1,4,5,1,1,1,1,0,1,0
2024-11-29,La_Liga,Real Sociedad,Atletico Madrid,1,0,1,0,0,0,0,1,0,0
2024-07-07,La_Liga,Real Sociedad,Barcelona,2,0,2,0,1,0,0,1,0,0
2024-03-08,La_Liga,Real Madrid,Real Sociedad,0,0,0,0,0,0,0,0,0,1
2024-05-23,La_Liga,Real Sociedad,Sevilla,2,1,3,1,1,1,0,1,0,0
2024-01-01,La_Liga,Real Sociedad,Barcelona,1,3,4,1,1,1,1,0,1,0
2024-04-28,La_Liga,Real Sociedad,Barcelona,1,0,1,0,0,0,0,1,0,0
2024-02-14,La_Liga,Sevilla,Real Sociedad,0,1,1,0,0,0,0,0,1,0
2024-11-06,La_Liga,Barcelona,Real Madrid,3,0,3,0,1,1,0,1,0,0
2024-12-04,La_Liga,Real Sociedad,Atletico Madrid,0,1,1,0,0,0,0,0,1,0
2024-01-22,La_Liga,Atletico Madrid,Sevilla,1,0,1,0,0,0,0,1,0,0
2024-07-19,La_Liga,Sevilla,Atletico Madrid,1,0,1,0,0,0,0,1,0,0
2024-07-29,La_Liga,Real Sociedad,Sevilla,1,1,2,1,1,0,0,0,0,1
2024-03-30,La_Liga,Atletico Madrid,Barcelona,0,1,1,0,0,0,0,0,1,0
2024-12-20,La_Liga,Barcelona,Sevilla,2,1,3,1,1,1,0,1,0,0
2024-08-18,La_Liga,Real Sociedad,Sevilla,3,0,3,0,1,1,0,1,0,0
2024-05-07,La_Liga,Atletico Madrid,Barcelona,0,3,3,0,1,1,0,0,1,0
2024-07-23,La_Liga,Barcelona,Real Sociedad,1,3,4,1,1,1,1,0,1,0
2024-08-15,La_Liga,Atletico Madrid,Sevilla,2,4,6,1,1,1,1,0,1,0
2024-06-01,La_Liga,Real Sociedad,Real Madrid,2,4,6,1,1,1,1,0,1,0
2024-12-16,La_Liga,Real Sociedad,Sevilla,1,1,2,1,1,0,0,0,0,1
2024-02-09,La_Liga,Atletico Madrid,Real Sociedad,3,2,5,1,1,1,1,1,0,0
2024-03-19,La_Liga,Real Sociedad,Real Madrid,0,0,0,0,0,0,0,0,0,1
2024-04-12,La_Liga,Real Sociedad,Barcelona,1,2,3,1,1,1,0,0,1,0
2024-04-12,La_Liga,Sevilla,Real Madrid,1,3,4,1,1,1,1,0,1,0
2024-04-15,La_Liga,Barcelona,Real Sociedad,3,0,3,0,1,1,0,1,0,0
2024-12-02,La_Liga,Real Sociedad,Atletico Madrid,0,1,1,0,0,0,0,0,1,0
2024-02-23,La_Liga,Atletico Madrid,Sevilla,4,1,5,1,1,1,1,1,0,0
2024-12-12,La_Liga,Barcelona,Sevilla,0,0,0,0,0,0,0,0,0,1
2024-03-26,La_Liga,Barcelona,Real Madrid,1,1,2,1,1,0,0,0,0,1
2024-02-10,La_Liga,Real Madrid,Real Sociedad,2,1,3,1,1,1,0,1,0,0
2024-07-09,La_Liga,Real Sociedad,Real Madrid,2,0,2,0,1,0,0,1,0,0
2024-08-22,La_Liga,Real Madrid,Barcelona,2,4,6,1,1,1,1,0,1,0
2024-11-03,La_Liga,Barcelona,Real Madrid,2,1,3,1,1,1,0,1,0,0
2024-09-23,La_Liga,Real Madrid,Barcelona,2,1,3,1,1,1,0,1,0,0
2024-12-29,La_Liga,Atletico Madrid,Barcelona,0,1,1,0,0,0,0,0,1,0
2024-06-06,La_Liga,Sevilla,Real Sociedad,0,2,2,0,1,0,0,0,1,0
2024-02-18,La_Liga,Sevilla,Barcelona,2,0,2,0,1,0,0,1,0,0
2024-12-24,La_Liga,Sevilla,Real Madrid,1,3,4,1,1,1,1,0,1,0
2024-03-02,La_Liga,Sevilla,Barcelona,2,0,2,0,1,0,0,1,0,0
2024-12-29,La_Liga,Atletico Madrid,Sevilla,0,2,2,0,1,0,0,0,1,0
2024-05-21,La_Liga,Real Madrid,Atletico Madrid,1,1,2,1,1,0,0,0,0,1
2024-04-18,La_Liga,Real Sociedad,Sevilla,3,1,4,1,1,1,1,1,0,0
2024-05-04,La_Liga,Real Sociedad,Sevilla,1,0,1,0,0,0,0,1,0,0
2024-09-20,La_Liga,Barcelona,Sevilla,1,1,2,1,1,0,0,0,0,1
2024-02-26,La_Liga,Barcelona,Real Sociedad,3,1,4,1,1,1,1,1,0,0
2024-11-30,La_Liga,Barcelona,Real Sociedad,1,3,4,1,1,1,1,0,1,0
2024-03-03,La_Liga,Real Madrid,Atletico Madrid,1,0,1,0,0,0,0,1,0,0
2024-04-02,La_Liga,Real Madrid,Atletico Madrid,4,1,5,1,1,1,1,1,0,0
2024-09-19,La_Liga,Real Madrid,Atletico Madrid,3,1,4,1,1,1,1,1,0,0
2024-12-27,La_Liga,Real Madrid,Sevilla,3,1,4,1,1,1,1,1,0,0
2024-08-03,La_Liga,Sevilla,Real Sociedad,0,1,1,0,0,0,0,0,1,0
2024-01-28,La_Liga,Atletico Madrid,Real Madrid,2,1,3,1,1,1,0,1,0,0
2024-04-11,La_Liga,Real Madrid,Sevilla,0,1,1,0,0,0,0,0,1,0
2024-12-20,La_Liga,Real Madrid,Atletico Madrid,1,2,3,1,1,1,0,0,1,0
2024-11-24,La_Liga,Atletico Madrid,Barcelona,3,4,7,1,1,1,1,0,1,0
2024-07-20,La_Liga,Barcelona,Sevilla,2,1,3,1,1,1,0,1,0,0
2024-06-11,La_Liga,Barcelona,Real Madrid,2,3,5,1,1,1,1,0,1,0
2024-11-14,La_Liga,Barcelona,Atletico Madrid,2,2,4,1,1,1,1,0,0,1
2024-04-28,La_Liga,Atletico Madrid,Sevilla,1,1,2,1,1,0,0,0,0,1
2024-01-27,La_Liga,Real Sociedad,Barcelona,1,3,4,1,1,1,1,0,1,0
2024-10-25,La_Liga,Atletico Madrid,Real Madrid,1,2,3,1,1,1,0,0,1,0
2024-12-29,La_Liga,Real Madrid,Barcelona,1,1,2,1,1,0,0,0,0,1
2024-06-21,La_Liga,Real Sociedad,Real Madrid,3,1,4,1,1,1,1,1,0,0
2024-03-15,La_Liga,Real Madrid,Real Sociedad,1,0,1,0,0,0,0,1,0,0
2024-07-09,La_Liga,Barcelona,Atletico Madrid,1,0,1,0,0,0,0,1,0,0
2024-01-30,La_Liga,Real Madrid,Atletico Madrid,0,2,2,0,1,0,0,0,1,0
2024-08-02,La_Liga,Barcelona,Real Sociedad,0,1,1,0,0,0,0,0,1,0
2024-06-05,La_Liga,Real Madrid,Atletico Madrid,0,2,2,0,1,0,0,0,1,0
2024-12-24,La_Liga,Real Madrid,Real Sociedad,0,0,0,0,0,0,0,0,0,1
2024-01-06,La_Liga,Real Madrid,Atletico Madrid,2,0,2,0,1,0,0,1,0,0
2024-08-05,La_Liga,Real Sociedad,Real Madrid,3,0,3,0,1,1,0,1,0,0
2024-04-18,La_Liga,Sevilla,Barcelona,1,0,1,0,0,0,0,1,0,0
2024-09-04,La_Liga,Real Sociedad,Sevilla,1,1,2,1,1,0,0,0,0,1
2024-08-08,La_Liga,Real Madrid,Real Sociedad,0,1,1,0,0,0,0,0,1,0
2024-05-19,La_Liga,Sevilla,Real Sociedad,2,1,3,1,1,1,0,1,0,0
2024-04-07,La_Liga,Real Sociedad,Barcelona,2,0,2,0,1,0,0,1,0,0
2024-11-03,La_Liga,Real Sociedad,Real Madrid,3,0,3,0,1,1,0,1,0,0
2024-03-22,La_Liga,Barcelona,Real Sociedad,2,1,3,1,1,1,0,1,0,0
2024-02-09,La_Liga,Real Madrid,Atletico Madrid,1,0,1,0,0,0,0,1,0,0
2024-08-20,La_Liga,Real Madrid,Real Sociedad,1,1,2,1,1,0,0,0,0,1
2024-02-21,La_Liga,Sevilla,Barcelona,1,1,2,1,1,0,0,0,0,1
2024-04-16,La_Liga,Real Sociedad,Barcelona,3,0,3,0,1,1,0,1,0,0
2024-08-15,La_Liga,Barcelona,Real Madrid,1,1,2,1,1,0,0,0,0,1
2024-08-27,La_Liga,Atletico Madrid,Real Madrid,0,0,0,0,0,0,0,0,0,1
2024-12-10,La_Liga,Barcelona,Atletico Madrid,2,1,3,1,1,1,0,1,0,0
2024-07-20,La_Liga,Real Sociedad,Barcelona,2,0,2,0,1,0,0,1,0,0
2024-07-10,La_Liga,Atletico Madrid,Real Sociedad,1,3,4,1,1,1,1,0,1,0
2024-04-19,La_Liga,Atletico Madrid,Barcelona,1,1,2,1,1,0,0,0,0,1
2024-07-05,La_Liga,Sevilla,Atletico Madrid,1,0,1,0,0,0,0,1,0,0
2024-01-29,La_Liga,Sevilla,Barcelona,1,4,5,1,1,1,1,0,1,0
2024-08-21,La_Liga,Barcelona,Real Sociedad,2,1,3,1,1,1,0,1,0,0
2024-05-08,La_Liga,Real Sociedad,Sevilla,1,2,3,1,1,1,0,0,1,0
2024-09-23,La_Liga,Real Madrid,Atletico Madrid,4,0,4,0,1,1,1,1,0,0
2024-04-02,La_Liga,Sevilla,Real Sociedad,1,2,3,1,1,1,0,0,1,0
2024-08-06,La_Liga,Real Madrid,Barcelona,0,1,1,0,0,0,0,0,1,0
2024-08-21,La_Liga,Real Madrid,Real Sociedad,1,0,1,0,0,0,0,1,0,0
2024-08-20,La_Liga,Real Sociedad,Barcelona,3,2,5,1,1,1,1,1,0,0
2024-10-14,La_Liga,Barcelona,Real Madrid,2,0,2,0,1,0,0,1,0,0
2024-10-28,La_Liga,Real Madrid,Sevilla,1,1,2,1,1,0,0,0,0,1
2024-05-16,La_Liga,Real Madrid,Real Sociedad,2,0,2,0,1,0,0,1,0,0
2024-04-07,La_Liga,Real Madrid,Sevilla,0,2,2,0,1,0,0,0,1,0
2024-08-29,La_Liga,Sevilla,Real Madrid,2,1,3,1,1,1,0,1,0,0
2024-02-27,La_Liga,Real Madrid,Sevilla,1,0,1,0,0,0,0,1,0,0
2024-08-08,La_Liga,Real Sociedad,Atletico Madrid,1,1,2,1,1,0,0,0,0,1
2024-07-23,La_Liga,Sevilla,Atletico Madrid,1,0,1,0,0,0,0,1,0,0
2024-01-09,La_Liga,Atletico Madrid,Barcelona,2,2,4,1,1,1,1,0,0,1
2024-07-23,La_Liga,Real Madrid,Real Sociedad,1,0,1,0,0,0,0,1,0,0
2024-10-21,La_Liga,Sevilla,Atletico Madrid,1,2,3,1,1,1,0,0,1,0
2024-07-05,La_Liga,Real Madrid,Real Sociedad,1,3,4,1,1,1,1,0,1,0
2024-08-27,La_Liga,Real Madrid,Barcelona,3,0,3,0,1,1,0,1,0,0
2024-05-21,La_Liga,Real Madrid,Barcelona,1,2,3,1,1,1,0,0,1,0
2024-02-08,La_Liga,Atletico Madrid,Sevilla,0,1,1,0,0,0,0,0,1,0
2024-09-08,La_Liga,Barcelona,Sevilla,2,0,2,0,1,0,0,1,0,0
2024-09-10,La_Liga,Sevilla,Real Madrid,0,3,3,0,1,1,0,0,1,0
2024-09-20,La_Liga,Barcelona,Real Sociedad,2,0,2,0,1,0,0,1,0,0
2024-08-12,La_Liga,Sevilla,Atletico Madrid,0,1,1,0,0,0,0,0,1,0
2024-02-16,La_Liga,Real Sociedad,Sevilla,1,3,4,1,1,1,1,0,1,0
2024-09-16,La_Liga,Real Sociedad,Barcelona,1,1,2,1,1,0,0,0,0,1
2024-06-19,La_Liga,Real Sociedad,Real Madrid,1,0,1,0,0,0,0,1,0,0
2024-08-21,La_Liga,Barcelona,Real Madrid,0,1,1,0,0,0,0,0,1,0
2024-12-04,La_Liga,Sevilla,Atletico Madrid,0,2,2,0,1,0,0,0,1,0
2024-01-17,La_Liga,Barcelona,Atletico Madrid,4,0,4,0,1,1,1,1,0,0
2024-08-11,La_Liga,Real Madrid,Sevilla,2,1,3,1,1,1,0,1,0,0
2024-07-10,La_Liga,Real Madrid,Sevilla,1,2,3,1,1,1,0,0,1,0
2024-04-09,La_Liga,Barcelona,Atletico Madrid,4,0,4,0,1,1,1,1,0,0
2024-03-21,La_Liga,Sevilla,Barcelona,0,0,0,0,0,0,0,0,0,1
2024-03-28,La_Liga,Atletico Madrid,Sevilla,2,0,2,0,1,0,0,1,0,0
2024-12-08,La_Liga,Atletico Madrid,Sevilla,0,1,1,0,0,0,0,0,1,0
2024-06-04,La_Liga,Atletico Madrid,Barcelona,2,0,2,0,1,0,0,1,0,0
2024-11-12,La_Liga,Atletico Madrid,Sevilla,0,0,0,0,0,0,0,0,0,1
2024-01-21,La_Liga,Real Madrid,Real Sociedad,2,2,4,1,1,1,1,0,0,1
2024-10-11,La_Liga,Atletico Madrid,Sevilla,2,0,2,0,1,0,0,1,0,0
2024-10-23,La_Liga,Real Sociedad,Barcelona,4,1,5,1,1,1,1,1,0,0
2024-09-29,La_Liga,Sevilla,Barcelona,1,2,3,1,1,1,0,0,1,0
2024-03-02,La_Liga,Real Sociedad,Barcelona,1,1,2,1,1,0,0,0,0,1
2024-08-08,La_Liga,Real Sociedad,Sevilla,2,1,3,1,1,1,0,1,0,0
2024-06-21,La_Liga,Real Madrid,Atletico Madrid,2,1,3,1,1,1,0,1,0,0
2024-02-24,La_Liga,Sevilla,Real Sociedad,0,2,2,0,1,0,0,0,1,0
2024-08-07,La_Liga,Atletico Madrid,Barcelona,0,1,1,0,0,0,0,0,1,0
2024-09-06,La_Liga,Atletico Madrid,Barcelona,0,2,2,0,1,0,0,0,1,0
2024-05-11,La_Liga,Atletico Madrid,Sevilla,1,0,1,0,0,0,0,1,0,0
2024-11-12,La_Liga,Barcelona,Sevilla,2,1,3,1,1,1,0,1,0,0
2024-07-07,La_Liga,Barcelona,Sevilla,1,4,5,1,1,1,1,0,1,0
2024-12-31,La_Liga,Sevilla,Real Madrid,2,1,3,1,1,1,0,1,0,0
2024-03-29,La_Liga,Real Madrid,Barcelona,0,1,1,0,0,0,0,0,1,0
2024-08-20,La_Liga,Atletico Madrid,Barcelona,1,0,1,0,0,0,0,1,0,0
2024-01-14,La_Liga,Atletico Madrid,Sevilla,3,1,4,1,1,1,1,1,0,0
2024-03-21,La_Liga,Real Sociedad,Sevilla,1,2,3,1,1,1,0,0,1,0
2024-01-06,La_Liga,Sevilla,Real Madrid,1,0,1,0,0,0,0,1,0,0
2024-10-25,La_Liga,Atletico Madrid,Real Sociedad,2,4,6,1,1,1,1,0,1,0
2024-06-14,La_Liga,Real Madrid,Sevilla,3,0,3,0,1,1,0,1,0,0
2024-07-07,La_Liga,Atletico Madrid,Real Madrid,1,2,3,1,1,1,0,0,1,0
2024-08-13,La_Liga,Real Madrid,Sevilla,1,1,2,1,1,0,0,0,0,1
2024-10-27,La_Liga,Atletico Madrid,Real Madrid,3,2,5,1,1,1,1,1,0,0
2024-02-14,La_Liga,Barcelona,Real Sociedad,1,1,2,1,1,0,0,0,0,1
2024-05-14,La_Liga,Real Madrid,Barcelona,0,1,1,0,0,0,0,0,1,0
2024-12-19,La_Liga,Sevilla,Real Sociedad,1,2,3,1,1,1,0,0,1,0
2024-10-19,La_Liga,Real Sociedad,Atletico Madrid,0,1,1,0,0,0,0,0,1,0
2024-02-13,La_Liga,Real Sociedad,Barcelona,3,3,6,1,1,1,1,0,0,1
2024-09-03,La_Liga,Real Madrid,Real Sociedad,2,3,5,1,1,1,1,0,1,0
2024-08-31,La_Liga,Atletico Madrid,Sevilla,2,0,2,0,1,0,0,1,0,0
2024-08-18,La_Liga,Real Madrid,Real Sociedad,3,1,4,1,1,1,1,1,0,0
2024-12-01,La_Liga,Barcelona,Atletico Madrid,1,0,1,0,0,0,0,1,0,0
2024-02-01,La_Liga,Atletico Madrid,Real Madrid,0,1,1,0,0,0,0,0,1,0
2024-07-13,La_Liga,Atletico Madrid,Real Madrid,1,1,2,1,1,0,0,0,0,1
2024-02-10,La_Liga,Real Sociedad,Barcelona,1,1,2,1,1,0,0,0,0,1
2024-10-23,La_Liga,Sevilla,Barcelona,0,2,2,0,1,0,0,0,1,0
2024-10-09,La_Liga,Barcelona,Real Madrid,2,0,2,0,1,0,0,1,0,0
2024-05-31,La_Liga,Barcelona,Atletico Madrid,0,0,0,0,0,0,0,0,0,1
2024-11-07,La_Liga,Real Sociedad,Barcelona,2,2,4,1,1,1,1,0,0,1
2024-11-20,La_Liga,Real Sociedad,Atletico Madrid,0,0,0,0,0,0,0,0,0,1
2024-11-11,La_Liga,Real Madrid,Atletico Madrid,0,0,0,0,0,0,0,0,0,1
2024-01-13,La_Liga,Atletico Madrid,Real Sociedad,1,2,3,1,1,1,0,0,1,0
2024-09-19,La_Liga,Sevilla,Atletico Madrid,1,1,2,1,1,0,0,0,0,1
2024-04-23,La_Liga,Atletico Madrid,Real Sociedad,0,0,0,0,0,0,0,0,0,1
2024-12-01,La_Liga,Sevilla,Barcelona,2,1,3,1,1,1,0,1,0,0
2024-12-08,La_Liga,Real Sociedad,Real Madrid,0,1,1,0,0,0,0,0,1,0
2024-04-12,La_Liga,Sevilla,Barcelona,0,3,3,0,1,1,0,0,1,0
2024-07-08,La_Liga,Barcelona,Real Madrid,1,0,1,0,0,0,0,1,0,0
2024-11-14,La_Liga,Real Madrid,Sevilla,0,2,2,0,1,0,0,0,1,0
2024-10-14,La_Liga,Real Madrid,Atletico Madrid,2,0,2,0,1,0,0,1,0,0
2024-04-10,La_Liga,Barcelona,Real Madrid,3,2,5,1,1,1,1,1,0,0
2024-01-07,La_Liga,Barcelona,Real Madrid,1,1,2,1,1,0,0,0,0,1
2024-10-13,La_Liga,Barcelona,Sevilla,2,1,3,1,1,1,0,1,0,0
2024-11-23,La_Liga,Atletico Madrid,Sevilla,3,1,4,1,1,1,1,1,0,0
2024-05-29,La_Liga,Barcelona,Atletico Madrid,1,1,2,1,1,0,0,0,0,1
2024-08-09,La_Liga,Sevilla,Real Sociedad,1,1,2,1,1,0,0,0,0,1
2024-04-17,La_Liga,Real Madrid,Atletico Madrid,0,0,0,0,0,0,0,0,0,1
2024-06-17,La_Liga,Atletico Madrid,Real Madrid,4,1,5,1,1,1,1,1,0,0
2024-08-05,La_Liga,Real Sociedad,Sevilla,1,1,2,1,1,0,0,0,0,1
2024-03-16,La_Liga,Barcelona,Sevilla,1,1,2,1,1,0,0,0,0,1
2024-01-15,La_Liga,Barcelona,Real Sociedad,1,1,2,1,1,0,0,0,0,1
2024-05-09,La_Liga,Atletico Madrid,Real Sociedad,2,0,2,0,1,0,0,1,0,0
2024-03-28,La_Liga,Sevilla,Atletico Madrid,3,1,4,1,1,1,1,1,0,0
2024-11-22,La_Liga,Sevilla,Atletico Madrid,0,0,0,0,0,0,0,0,0,1
2024-04-27,La_Liga,Barcelona,Real Madrid,2,0,2,0,1,0,0,1,0,0
2024-11-07,La_Liga,Real Madrid,Real Sociedad,0,1,1,0,0,0,0,0,1,0
2024-06-23,La_Liga,Atletico Madrid,Real Madrid,1,2,3,1,1,1,0,0,1,0
2024-10-24,La_Liga,Real Madrid,Atletico Madrid,1,2,3,1,1,1,0,0,1,0
2024-05-07,Bundesliga,Dortmund,Leverkusen,2,0,2,0,1,0,0,1,0,0
2024-12-06,Bundesliga,Dortmund,Leverkusen,5,3,8,1,1,1,1,1,0,0
2024-11-15,Bundesliga,Dortmund,Bayern Munich,1,0,1,0,0,0,0,1,0,0
2024-02-18,Bundesliga,Frankfurt,Leverkusen,1,1,2,1,1,0,0,0,0,1
2024-04-14,Bundesliga,Bayern Munich,Leverkusen,1,0,1,0,0,0,0,1,0,0
2024-07-23,Bundesliga,Bayern Munich,Leipzig,0,1,1,0,0,0,0,0,1,0
2024-03-30,Bundesliga,Leverkusen,Frankfurt,1,1,2,1,1,0,0,0,0,1
2024-02-05,Bundesliga,Leipzig,Leverkusen,4,0,4,0,1,1,1,1,0,0
2024-11-24,Bundesliga,Dortmund,Leipzig,3,4,7,1,1,1,1,0,1,0
2024-03-19,Bundesliga,Leverkusen,Dortmund,1,0,1,0,0,0,0,1,0,0
2024-04-15,Bundesliga,Leipzig,Dortmund,2,0,2,0,1,0,0,1,0,0
2024-07-28,Bundesliga,Bayern Munich,Frankfurt,3,2,5,1,1,1,1,1,0,0
2024-09-12,Bundesliga,Dortmund,Frankfurt,1,3,4,1,1,1,1,0,1,0
2024-04-23,Bundesliga,Leverkusen,Frankfurt,4,0,4,0,1,1,1,1,0,0
2024-08-18,Bundesliga,Leverkusen,Leipzig,3,1,4,1,1,1,1,1,0,0
2024-08-07,Bundesliga,Bayern Munich,Frankfurt,3,1,4,1,1,1,1,1,0,0
2024-01-10,Bundesliga,Bayern Munich,Dortmund,1,2,3,1,1,1,0,0,1,0
2024-09-23,Bundesliga,Leverkusen,Leipzig,2,2,4,1,1,1,1,0,0,1
2024-11-27,Bundesliga,Leverkusen,Leipzig,0,1,1,0,0,0,0,0,1,0
2024-08-15,Bundesliga,Frankfurt,Bayern Munich,1,2,3,1,1,1,0,0,1,0
2024-02-20,Bundesliga,Leipzig,Bayern Munich,3,3,6,1,1,1,1,0,0,1
2024-01-09,Bundesliga,Leipzig,Frankfurt,2,0,2,0,1,0,0,1,0,0
2024-02-22,Bundesliga,Bayern Munich,Frankfurt,3,2,5,1,1,1,1,1,0,0
2024-05-19,Bundesliga,Dortmund,Bayern Munich,3,1,4,1,1,1,1,1,0,0
2024-11-13,Bundesliga,Frankfurt,Leipzig,3,1,4,1,1,1,1,1,0,0
2024-03-11,Bundesliga,Bayern Munich,Leipzig,0,3,3,0,1,1,0,0,1,0
2024-02-07,Bundesliga,Bayern Munich,Dortmund,0,2,2,0,1,0,0,0,1,0
2024-06-21,Bundesliga,Bayern Munich,Frankfurt,3,3,6,1,1,1,1,0,0,1
2024-10-08,Bundesliga,Dortmund,Leverkusen,3,2,5,1,1,1,1,1,0,0
2024-02-19,Bundesliga,Frankfurt,Dortmund,2,3,5,1,1,1,1,0,1,0
2024-09-15,Bundesliga,Frankfurt,Bayern Munich,2,2,4,1,1,1,1,0,0,1
2024-07-15,Bundesliga,Bayern Munich,Frankfurt,0,2,2,0,1,0,0,0,1,0
2024-09-23,Bundesliga,Bayern Munich,Leipzig,1,1,2,1,1,0,0,0,0,1
2024-02-26,Bundesliga,Frankfurt,Leipzig,3,1,4,1,1,1,1,1,0,0
2024-08-09,Bundesliga,Leipzig,Leverkusen,0,2,2,0,1,0,0,0,1,0
2024-12-12,Bundesliga,Dortmund,Leipzig,2,2,4,1,1,1,1,0,0,1
2024-11-01,Bundesliga,Frankfurt,Bayern Munich,1,2,3,1,1,1,0,0,1,0
2024-07-08,Bundesliga,Frankfurt,Dortmund,4,0,4,0,1,1,1,1,0,0
2024-01-13,Bundesliga,Dortmund,Bayern Munich,1,0,1,0,0,0,0,1,0,0
2024-12-21,Bundesliga,Frankfurt,Leipzig,0,3,3,0,1,1,0,0,1,0
2024-03-18,Bundesliga,Dortmund,Frankfurt,0,0,0,0,0,0,0,0,0,1
2024-10-06,Bundesliga,Leverkusen,Frankfurt,3,1,4,1,1,1,1,1,0,0
2024-03-19,Bundesliga,Leipzig,Bayern Munich,2,0,2,0,1,0,0,1,0,0
2024-02-29,Bundesliga,Leipzig,Frankfurt,0,1,1,0,0,0,0,0,1,0
2024-07-14,Bundesliga,Frankfurt,Leverkusen,0,0,0,0,0,0,0,0,0,1
2024-12-16,Bundesliga,Leipzig,Dortmund,0,2,2,0,1,0,0,0,1,0
2024-12-15,Bundesliga,Bayern Munich,Leverkusen,2,2,4,1,1,1,1,0,0,1
2024-04-25,Bundesliga,Leverkusen,Bayern Munich,3,2,5,1,1,1,1,1,0,0
2024-01-10,Bundesliga,Frankfurt,Leipzig,3,1,4,1,1,1,1,1,0,0
2024-08-23,Bundesliga,Leverkusen,Leipzig,0,1,1,0,0,0,0,0,1,0
2024-07-13,Bundesliga,Leipzig,Frankfurt,3,1,4,1,1,1,1,1,0,0
2024-03-19,Bundesliga,Leipzig,Frankfurt,1,0,1,0,0,0,0,1,0,0
2024-11-06,Bundesliga,Dortmund,Frankfurt,1,1,2,1,1,0,0,0,0,1
2024-12-05,Bundesliga,Bayern Munich,Leverkusen,3,0,3,0,1,1,0,1,0,0
2024-04-14,Bundesliga,Leverkusen,Frankfurt,1,1,2,1,1,0,0,0,0,1
2024-11-14,Bundesliga,Bayern Munich,Dortmund,1,1,2,1,1,0,0,0,0,1
2024-09-12,Bundesliga,Leverkusen,Dortmund,1,0,1,0,0,0,0,1,0,0
2024-08-08,Bundesliga,Frankfurt,Leverkusen,1,2,3,1,1,1,0,0,1,0
2024-10-10,Bundesliga,Leipzig,Frankfurt,3,1,4,1,1,1,1,1,0,0
2024-12-27,Bundesliga,Frankfurt,Leverkusen,6,1,7,1,1,1,1,1,0,0
2024-02-29,Bundesliga,Frankfurt,Leverkusen,1,1,2,1,1,0,0,0,0,1
2024-03-04,Bundesliga,Frankfurt,Leverkusen,1,1,2,1,1,0,0,0,0,1
2024-05-14,Bundesliga,Bayern Munich,Frankfurt,3,1,4,1,1,1,1,1,0,0
2024-11-21,Bundesliga,Frankfurt,Bayern Munich,1,0,1,0,0,0,0,1,0,0
2024-11-01,Bundesliga,Leipzig,Bayern Munich,3,0,3,0,1,1,0,1,0,0
2024-10-10,Bundesliga,Frankfurt,Dortmund,0,2,2,0,1,0,0,0,1,0
2024-07-27,Bundesliga,Frankfurt,Leverkusen,1,3,4,1,1,1,1,0,1,0
2024-12-14,Bundesliga,Leverkusen,Bayern Munich,1,0,1,0,0,0,0,1,0,0
2024-07-20,Bundesliga,Bayern Munich,Frankfurt,5,1,6,1,1,1,1,1,0,0
2024-11-18,Bundesliga,Leverkusen,Bayern Munich,2,2,4,1,1,1,1,0,0,1
2024-07-13,Bundesliga,Frankfurt,Leipzig,0,0,0,0,0,0,0,0,0,1
2024-03-08,Bundesliga,Bayern Munich,Dortmund,1,3,4,1,1,1,1,0,1,0
2024-02-28,Bundesliga,Dortmund,Leipzig,1,2,3,1,1,1,0,0,1,0
2024-06-24,Bundesliga,Leipzig,Frankfurt,0,2,2,0,1,0,0,0,1,0
2024-10-25,Bundesliga,Dortmund,Leverkusen,0,1,1,0,0,0,0,0,1,0
2024-01-28,Bundesliga,Leverkusen,Leipzig,0,1,1,0,0,0,0,0,1,0
2024-10-04,Bundesliga,Leverkusen,Dortmund,1,0,1,0,0,0,0,1,0,0
2024-12-06,Bundesliga,Frankfurt,Leipzig,1,1,2,1,1,0,0,0,0,1
2024-07-06,Bundesliga,Leipzig,Dortmund,1,2,3,1,1,1,0,0,1,0
2024-06-23,Bundesliga,Frankfurt,Leipzig,2,3,5,1,1,1,1,0,1,0
2024-03-13,Bundesliga,Frankfurt,Bayern Munich,1,2,3,1,1,1,0,0,1,0
2024-08-31,Bundesliga,Dortmund,Frankfurt,3,2,5,1,1,1,1,1,0,0
2024-03-06,Bundesliga,Frankfurt,Leipzig,1,0,1,0,0,0,0,1,0,0
2024-03-28,Bundesliga,Bayern Munich,Frankfurt,3,2,5,1,1,1,1,1,0,0
2024-07-28,Bundesliga,Leverkusen,Frankfurt,2,2,4,1,1,1,1,0,0,1
2024-09-12,Bundesliga,Frankfurt,Dortmund,2,5,7,1,1,1,1,0,1,0
2024-03-25,Bundesliga,Frankfurt,Leverkusen,1,2,3,1,1,1,0,0,1,0
2024-08-27,Bundesliga,Leipzig,Dortmund,2,0,2,0,1,0,0,1,0,0
2024-12-09,Bundesliga,Dortmund,Frankfurt,2,1,3,1,1,1,0,1,0,0
2024-07-06,Bundesliga,Leipzig,Leverkusen,1,4,5,1,1,1,1,0,1,0
2024-09-10,Bundesliga,Leipzig,Bayern Munich,3,1,4,1,1,1,1,1,0,0
2024-09-19,Bundesliga,Bayern Munich,Frankfurt,1,0,1,0,0,0,0,1,0,0
2024-08-05,Bundesliga,Dortmund,Bayern Munich,2,2,4,1,1,1,1,0,0,1
2024-12-30,Bundesliga,Leipzig,Leverkusen,5,1,6,1,1,1,1,1,0,0
2024-05-14,Bundesliga,Dortmund,Leverkusen,0,1,1,0,0,0,0,0,1,0
2024-11-23,Bundesliga,Frankfurt,Leverkusen,2,1,3,1,1,1,0,1,0,0
2024-02-02,Bundesliga,Dortmund,Bayern Munich,3,2,5,1,1,1,1,1,0,0
2024-11-22,Bundesliga,Bayern Munich,Frankfurt,1,2,3,1,1,1,0,0,1,0
2024-02-27,Bundesliga,Bayern Munich,Frankfurt,1,0,1,0,0,0,0,1,0,0
2024-11-16,Bundesliga,Leipzig,Frankfurt,1,2,3,1,1,1,0,0,1,0
2024-08-26,Bundesliga,Bayern Munich,Dortmund,4,0,4,0,1,1,1,1,0,0
2024-09-25,Bundesliga,Leverkusen,Bayern Munich,1,1,2,1,1,0,0,0,0,1
2024-06-07,Bundesliga,Dortmund,Leverkusen,2,1,3,1,1,1,0,1,0,0
2024-05-21,Bundesliga,Bayern Munich,Leipzig,5,2,7,1,1,1,1,1,0,0
2024-03-20,Bundesliga,Leverkusen,Frankfurt,2,1,3,1,1,1,0,1,0,0
2024-10-04,Bundesliga,Bayern Munich,Leipzig,1,0,1,0,0,0,0,1,0,0
2024-12-05,Bundesliga,Frankfurt,Dortmund,2,1,3,1,1,1,0,1,0,0
2024-06-30,Bundesliga,Leipzig,Leverkusen,3,1,4,1,1,1,1,1,0,0
2024-12-16,Bundesliga,Bayern Munich,Dortmund,0,1,1,0,0,0,0,0,1,0
2024-07-19,Bundesliga,Bayern Munich,Leverkusen,1,2,3,1,1,1,0,0,1,0
2024-04-10,Bundesliga,Bayern Munich,Leverkusen,0,3,3,0,1,1,0,0,1,0
2024-11-12,Bundesliga,Bayern Munich,Dortmund,2,0,2,0,1,0,0,1,0,0
2024-11-13,Bundesliga,Dortmund,Bayern Munich,2,2,4,1,1,1,1,0,0,1
2024-07-17,Bundesliga,Leverkusen,Bayern Munich,1,0,1,0,0,0,0,1,0,0
2024-04-18,Bundesliga,Leverkusen,Leipzig,0,1,1,0,0,0,0,0,1,0
2024-12-10,Bundesliga,Frankfurt,Leipzig,0,2,2,0,1,0,0,0,1,0
2024-04-05,Bundesliga,Frankfurt,Dortmund,1,2,3,1,1,1,0,0,1,0
2024-12-12,Bundesliga,Bayern Munich,Leverkusen,1,0,1,0,0,0,0,1,0,0
2024-09-11,Bundesliga,Dortmund,Frankfurt,1,5,6,1,1,1,1,0,1,0
2024-01-19,Bundesliga,Leverkusen,Leipzig,2,1,3,1,1,1,0,1,0,0
2024-02-03,Bundesliga,Leverkusen,Frankfurt,2,3,5,1,1,1,1,0,1,0
2024-04-30,Bundesliga,Dortmund,Frankfurt,1,2,3,1,1,1,0,0,1,0
2024-01-03,Bundesliga,Dortmund,Bayern Munich,0,0,0,0,0,0,0,0,0,1
2024-10-03,Bundesliga,Dortmund,Leverkusen,3,3,6,1,1,1,1,0,0,1
2024-03-26,Bundesliga,Leipzig,Leverkusen,2,4,6,1,1,1,1,0,1,0
2024-08-31,Bundesliga,Leverkusen,Dortmund,1,3,4,1,1,1,1,0,1,0
2024-06-19,Bundesliga,Leipzig,Frankfurt,0,2,2,0,1,0,0,0,1,0
2024-12-03,Bundesliga,Dortmund,Frankfurt,1,1,2,1,1,0,0,0,0,1
2024-10-20,Bundesliga,Bayern Munich,Frankfurt,0,1,1,0,0,0,0,0,1,0
2024-06-07,Bundesliga,Leverkusen,Bayern Munich,0,0,0,0,0,0,0,0,0,1
2024-10-22,Bundesliga,Leipzig,Bayern Munich,2,0,2,0,1,0,0,1,0,0
2024-04-26,Bundesliga,Leverkusen,Bayern Munich,0,3,3,0,1,1,0,0,1,0
2024-01-07,Bundesliga,Bayern Munich,Dortmund,2,1,3,1,1,1,0,1,0,0
2024-07-07,Bundesliga,Leverkusen,Bayern Munich,4,1,5,1,1,1,1,1,0,0
2024-07-06,Bundesliga,Leipzig,Bayern Munich,2,1,3,1,1,1,0,1,0,0
2024-08-09,Bundesliga,Frankfurt,Dortmund,2,1,3,1,1,1,0,1,0,0
2024-01-04,Bundesliga,Leverkusen,Dortmund,3,3,6,1,1,1,1,0,0,1
2024-08-18,Bundesliga,Leverkusen,Leipzig,1,1,2,1,1,0,0,0,0,1
2024-03-22,Bundesliga,Frankfurt,Leverkusen,2,2,4,1,1,1,1,0,0,1
2024-03-11,Bundesliga,Leverkusen,Bayern Munich,1,1,2,1,1,0,0,0,0,1
2024-01-30,Bundesliga,Leipzig,Leverkusen,0,1,1,0,0,0,0,0,1,0
2024-11-20,Bundesliga,Bayern Munich,Frankfurt,0,2,2,0,1,0,0,0,1,0
2024-02-21,Bundesliga,Leipzig,Dortmund,2,2,4,1,1,1,1,0,0,1
2024-06-22,Bundesliga,Bayern Munich,Leipzig,0,2,2,0,1,0,0,0,1,0
2024-06-18,Bundesliga,Leipzig,Bayern Munich,2,3,5,1,1,1,1,0,1,0
2024-12-24,Bundesliga,Leipzig,Frankfurt,3,3,6,1,1,1,1,0,0,1
2024-05-21,Bundesliga,Bayern Munich,Dortmund,2,1,3,1,1,1,0,1,0,0
2024-01-27,Bundesliga,Leverkusen,Leipzig,1,2,3,1,1,1,0,0,1,0
2024-12-06,Bundesliga,Bayern Munich,Dortmund,2,2,4,1,1,1,1,0,0,1
2024-12-24,Bundesliga,Leverkusen,Bayern Munich,1,1,2,1,1,0,0,0,0,1
2024-05-22,Bundesliga,Frankfurt,Leverkusen,1,0,1,0,0,0,0,1,0,0
2024-03-16,Bundesliga,Frankfurt,Leverkusen,2,2,4,1,1,1,1,0,0,1
2024-07-27,Bundesliga,Bayern Munich,Dortmund,4,0,4,0,1,1,1,1,0,0
2024-01-31,Bundesliga,Frankfurt,Leverkusen,2,0,2,0,1,0,0,1,0,0
2024-12-15,Bundesliga,Leipzig,Dortmund,0,1,1,0,0,0,0,0,1,0
2024-05-26,Bundesliga,Frankfurt,Leipzig,2,0,2,0,1,0,0,1,0,0
2024-09-13,Bundesliga,Bayern Munich,Leverkusen,1,3,4,1,1,1,1,0,1,0
2024-08-21,Bundesliga,Frankfurt,Leipzig,1,3,4,1,1,1,1,0,1,0
2024-12-15,Bundesliga,Frankfurt,Leipzig,4,1,5,1,1,1,1,1,0,0
2024-01-14,Bundesliga,Leverkusen,Frankfurt,1,1,2,1,1,0,0,0,0,1
2024-05-12,Bundesliga,Leverkusen,Leipzig,1,1,2,1,1,0,0,0,0,1
2024-12-22,Bundesliga,Frankfurt,Bayern Munich,0,1,1,0,0,0,0,0,1,0
2024-01-31,Bundesliga,Dortmund,Frankfurt,1,0,1,0,0,0,0,1,0,0
2024-06-09,Bundesliga,Leverkusen,Dortmund,3,2,5,1,1,1,1,1,0,0
2024-07-23,Bundesliga,Leverkusen,Frankfurt,2,0,2,0,1,0,0,1,0,0
2024-03-19,Bundesliga,Dortmund,Frankfurt,2,0,2,0,1,0,0,1,0,0
2024-02-06,Bundesliga,Bayern Munich,Leverkusen,4,2,6,1,1,1,1,1,0,0
2024-04-08,Bundesliga,Leverkusen,Frankfurt,0,3,3,0,1,1,0,0,1,0
2024-08-02,Bundesliga,Leipzig,Bayern Munich,1,3,4,1,1,1,1,0,1,0
2024-05-10,Bundesliga,Frankfurt,Dortmund,2,1,3,1,1,1,0,1,0,0
2024-10-01,Bundesliga,Leverkusen,Dortmund,2,2,4,1,1,1,1,0,0,1
2024-11-11,Bundesliga,Leverkusen,Bayern Munich,2,1,3,1,1,1,0,1,0,0
2024-11-04,Bundesliga,Leverkusen,Bayern Munich,0,2,2,0,1,0,0,0,1,0
2024-10-14,Bundesliga,Dortmund,Frankfurt,3,3,6,1,1,1,1,0,0,1
2024-10-25,Bundesliga,Leipzig,Bayern Munich,1,1,2,1,1,0,0,0,0,1
2024-11-30,Bundesliga,Leipzig,Leverkusen,4,3,7,1,1,1,1,1,0,0
2024-12-22,Bundesliga,Dortmund,Frankfurt,1,1,2,1,1,0,0,0,0,1
2024-08-31,Bundesliga,Bayern Munich,Leverkusen,1,0,1,0,0,0,0,1,0,0
2024-12-07,Bundesliga,Dortmund,Leipzig,1,1,2,1,1,0,0,0,0,1
2024-07-31,Bundesliga,Dortmund,Bayern Munich,1,2,3,1,1,1,0,0,1,0
2024-12-13,Bundesliga,Frankfurt,Leverkusen,3,3,6,1,1,1,1,0,0,1
2024-06-07,Bundesliga,Dortmund,Leipzig,1,2,3,1,1,1,0,0,1,0
2024-06-11,Bundesliga,Leipzig,Bayern Munich,1,2,3,1,1,1,0,0,1,0
2024-07-20,Bundesliga,Bayern Munich,Leverkusen,0,1,1,0,0,0,0,0,1,0
2024-11-28,Bundesliga,Frankfurt,Bayern Munich,1,2,3,1,1,1,0,0,1,0
2024-03-27,Bundesliga,Bayern Munich,Leipzig,1,0,1,0,0,0,0,1,0,0
2024-03-03,Bundesliga,Bayern Munich,Dortmund,2,1,3,1,1,1,0,1,0,0
2024-11-17,Bundesliga,Frankfurt,Dortmund,3,0,3,0,1,1,0,1,0,0
2024-09-17,Bundesliga,Leverkusen,Frankfurt,1,4,5,1,1,1,1,0,1,0
2024-03-11,Bundesliga,Leverkusen,Dortmund,2,1,3,1,1,1,0,1,0,0
2024-04-14,Bundesliga,Bayern Munich,Dortmund,1,2,3,1,1,1,0,0,1,0
2024-02-06,Bundesliga,Bayern Munich,Frankfurt,2,3,5,1,1,1,1,0,1,0
2024-11-15,Bundesliga,Bayern Munich,Frankfurt,3,2,5,1,1,1,1,1,0,0
2024-02-27,Bundesliga,Leverkusen,Bayern Munich,1,3,4,1,1,1,1,0,1,0
2024-07-06,Bundesliga,Bayern Munich,Frankfurt,1,0,1,0,0,0,0,1,0,0
2024-12-14,Bundesliga,Frankfurt,Bayern Munich,1,0,1,0,0,0,0,1,0,0
2024-10-23,Bundesliga,Leverkusen,Frankfurt,1,0,1,0,0,0,0,1,0,0
2024-03-20,Bundesliga,Leipzig,Frankfurt,1,3,4,1,1,1,1,0,1,0
2024-09-30,Bundesliga,Frankfurt,Dortmund,3,3,6,1,1,1,1,0,0,1
2024-01-06,Bundesliga,Dortmund,Leipzig,2,1,3,1,1,1,0,1,0,0
